track,size,bench,lang,status,stale,runs,n_ok,rank,wall_median,wall_min,wall_max,wall_mean,wall_stdev,wall_cv,ci_lo,ci_hi,user_median,sys_median,cpu_median,cpu_util,rss_median_kib,rss_max_kib,ratio_wall,ratio_cpu,ratio_mem,build_s,artifact_bytes,exe_bytes,source_bytes,source_lines,source_gzip_bytes
st,official,nbody,resid,ok,0,5,5,2,1.450861,1.449465,1.467577,1.455595,0.007740,0.005318,1.449465,1.467577,1.447401,0.000887,1.448400,0.998304,696,700,0.772700,0.773154,0.296928,2.044000,88401,41257,12990,336,3534
st,official,nbody,c,ok,0,5,5,5,1.877650,1.875867,1.891668,1.880213,0.006578,0.003499,1.875867,1.891668,1.872190,0.000970,1.873365,0.997718,2344,2444,1.000000,1.000000,1.000000,0.059300,16416,16416,3539,98,1291
st,official,nbody,cpp,ok,0,5,5,4,1.859646,1.858062,1.860170,1.859495,0.000843,0.000453,1.858062,1.860170,1.855181,0.000998,1.856362,0.998234,4296,4312,0.990411,0.990924,1.832765,0.132100,16216,16216,3415,97,1323
st,official,nbody,rust,ok,0,5,5,1,1.331955,1.330519,1.332263,1.331681,0.000695,0.000522,1.330519,1.332263,1.328325,0.000913,1.329078,0.997840,2376,2484,0.709373,0.709460,1.013652,0.095100,4541456,4541456,3822,128,1380
st,official,nbody,go,ok,0,5,5,7,1.943166,1.942297,1.944533,1.943299,0.000817,0.000421,1.942297,1.944533,1.937723,0.000996,1.938810,0.997758,3584,5668,1.034893,1.034934,1.529010,0.085600,2430390,2430390,2695,114,1189
st,official,nbody,java,ok,0,5,5,8,1.968382,1.966022,1.976363,1.969156,0.004171,0.002118,1.966022,1.976363,1.954813,0.008930,1.962641,0.997083,47236,47784,1.048322,1.047655,20.151877,0.239900,3172,,3519,78,1276
st,official,nbody,csharp,ok,0,5,5,6,1.920663,1.920114,1.922069,1.920968,0.000789,0.000411,1.920114,1.922069,1.908822,0.007939,1.916647,0.997909,28036,28040,1.022908,1.023104,11.960751,2.457500,293626,98312,3592,91,1340
st,official,nbody,javascript,ok,0,5,5,9,2.121885,2.117967,2.135278,2.123259,0.006962,0.003279,2.117967,2.135278,2.106075,0.007956,2.117806,0.998078,62400,62432,1.130075,1.130482,26.621160,0.002600,0,,2679,78,1137
st,official,nbody,python,ok,0,3,3,11,142.871751,141.577793,144.982226,143.143923,1.718458,0.012005,141.577793,144.982226,142.522379,0.071683,142.597815,0.998083,10640,10640,76.090726,76.118543,4.539249,0.001400,0,,2712,94,1148
st,official,nbody,fortran,ok,0,5,5,3,1.765971,1.765595,1.768892,1.766830,0.001477,0.000836,1.765595,1.768892,1.762637,0.000000,1.763086,0.998366,3220,3228,0.940522,0.941133,1.373720,0.066600,17024,17024,3215,102,1293
st,official,nbody,pascal,ok,0,5,5,10,2.366168,2.365510,2.367246,2.366234,0.000713,0.000301,2.365510,2.367246,2.360221,0.000998,2.361265,0.997928,656,704,1.260175,1.260440,0.279863,0.028100,209880,193120,3165,108,1285
st,official,fannkuch-redux,resid,ok,0,5,5,1,15.130181,15.123657,15.162337,15.136889,0.016567,0.001094,15.123657,15.162337,15.103103,0.004120,15.104712,0.998317,684,704,0.576438,0.576623,0.348980,2.011900,49994,20955,3711,99,1577
st,official,fannkuch-redux,c,ok,0,5,5,6,26.247727,26.178104,26.325367,26.252586,0.055466,0.002113,26.178104,26.325367,26.174692,0.010468,26.195126,0.997996,1960,1960,1.000000,1.000000,1.000000,0.044600,16096,16096,1469,55,577
st,official,fannkuch-redux,cpp,ok,0,5,5,8,26.374108,26.313869,26.410374,26.370384,0.041566,0.001576,26.313869,26.410374,26.309050,0.009788,26.323715,0.998089,4304,4324,1.004815,1.004909,2.195918,0.148500,16824,16824,1241,41,563
st,official,fannkuch-redux,rust,ok,0,5,5,9,26.869850,26.794626,26.983169,26.872265,0.069263,0.002577,26.794626,26.983169,26.801140,0.011820,26.816480,0.998014,2428,2484,1.023702,1.023720,1.238776,0.097700,4512992,4512992,1544,53,634
st,official,fannkuch-redux,go,ok,0,5,5,3,24.228985,24.087890,24.445603,24.237447,0.131105,0.005409,24.087890,24.445603,24.175865,0.010165,24.183810,0.998135,3584,5648,0.923089,0.923218,1.828571,0.081900,2430837,2430837,1221,67,596
st,official,fannkuch-redux,java,ok,0,5,5,2,23.664794,23.089634,23.710703,23.547960,0.261791,0.011117,23.089634,23.710703,23.591603,0.016590,23.615645,0.997923,45672,45724,0.901594,0.901528,23.302041,0.206100,1488,,1277,31,533
st,official,fannkuch-redux,csharp,ok,0,5,5,7,26.297924,26.211650,26.321618,26.276798,0.044934,0.001710,26.211650,26.321618,26.234635,0.012832,26.248463,0.998119,28300,28332,1.001912,1.002036,14.438776,0.870600,289235,98312,1360,40,548
st,official,fannkuch-redux,javascript,ok,0,5,5,4,25.584956,25.529289,25.602735,25.573901,0.027944,0.001093,25.529289,25.602735,25.521282,0.015944,25.536462,0.998105,58316,58364,0.974749,0.974855,29.753061,0.002100,0,,1195,34,549
st,official,fannkuch-redux,python,ok,0,1,1,11,410.492524,410.492524,410.492524,410.492524,0.000000,0.000000,,,409.499610,0.189723,409.689333,0.998043,10252,10252,15.639165,15.639907,5.230612,0.001300,0,,1117,46,487
st,official,fannkuch-redux,fortran,ok,0,5,5,5,26.004480,25.945235,26.390863,26.071912,0.183127,0.007024,25.945235,26.390863,25.942890,0.010878,25.953768,0.998050,3092,3108,0.990733,0.990786,1.577551,0.054900,17016,17016,1462,67,612
st,official,fannkuch-redux,pascal,ok,0,5,5,10,49.293070,49.205475,49.309795,49.275389,0.042002,0.000852,49.205475,49.309795,49.177514,0.020886,49.198400,0.998079,680,684,1.877994,1.878151,0.346939,0.025500,205600,192912,1489,68,614
st,official,spectral-norm,resid,ok,0,5,5,10,1.168520,1.166340,1.173766,1.169288,0.002742,0.002345,1.166340,1.173766,1.165231,0.000998,1.166554,0.998318,3200,3200,1.495344,1.495670,1.300813,2.091100,76163,45903,3535,103,1300
st,official,spectral-norm,c,ok,0,5,5,3,0.781439,0.780930,0.782707,0.781692,0.000741,0.000948,0.780930,0.782707,0.779640,0.000000,0.779954,0.998100,2460,2460,1.000000,1.000000,1.000000,0.060700,16248,16248,1449,55,544
st,official,spectral-norm,cpp,ok,0,5,5,1,0.777173,0.776701,0.777711,0.777235,0.000373,0.000480,0.776701,0.777711,0.775446,0.000000,0.775550,0.997912,4416,4448,0.994541,0.994354,1.795122,0.174600,16936,16936,1413,52,553
st,official,spectral-norm,rust,ok,0,5,5,5,1.011070,1.009249,1.012284,1.010860,0.001129,0.001117,1.009249,1.012284,1.007424,0.000000,1.009236,0.998186,2568,2620,1.293857,1.293969,1.043902,0.104700,4539512,4539512,1233,49,495
st,official,spectral-norm,go,ok,0,5,5,6,1.018557,1.017461,1.020311,1.018712,0.001040,0.001020,1.017461,1.020311,1.016510,0.000996,1.016522,0.998002,5648,5692,1.303438,1.303310,2.295935,0.085900,2432212,2432212,982,61,463
st,official,spectral-norm,java,ok,0,5,5,8,1.052720,1.051751,1.059011,1.054309,0.002960,0.002808,1.051751,1.059011,1.041528,0.008945,1.050594,0.997980,46212,46352,1.347156,1.346995,18.785366,0.227000,1426,,1287,38,491
st,official,spectral-norm,csharp,ok,0,5,5,7,1.027754,1.026365,1.028367,1.027683,0.000812,0.000791,1.026365,1.028367,1.019797,0.005972,1.025591,0.997895,25604,25680,1.315207,1.314938,10.408130,0.839600,290363,98312,1382,49,530
st,official,spectral-norm,javascript,ok,0,5,5,9,1.093585,1.088448,1.124523,1.101530,0.016103,0.014619,1.088448,1.124523,1.084170,0.006967,1.090820,0.997472,61588,61764,1.399450,1.398570,25.035772,0.002300,0,,842,24,397
st,official,spectral-norm,python,ok,0,3,3,11,102.684759,102.608371,102.702535,102.665222,0.050030,0.000487,102.608371,102.702535,102.424261,0.059523,102.483784,0.998043,11020,11024,131.404702,131.397216,4.479675,0.001700,0,,1001,45,437
st,official,spectral-norm,fortran,ok,0,5,5,2,0.778948,0.778059,0.779702,0.778951,0.000617,0.000793,0.778059,0.779702,0.776236,0.001842,0.777497,0.998137,3340,3348,0.996812,0.996850,1.357724,0.073800,17264,17264,1628,73,600
st,official,spectral-norm,pascal,ok,0,5,5,4,1.008343,0.998708,1.008968,1.006645,0.004446,0.004417,0.998708,1.008968,1.005982,0.000000,1.006749,0.998419,684,704,1.290367,1.290780,0.278049,0.029700,207288,195744,1263,73,523
st,official,mandelbrot,resid,ok,0,5,5,5,11.162988,11.158244,11.167388,11.163156,0.004211,0.000377,11.158244,11.167388,11.119508,0.019680,11.139717,0.997915,692,704,1.016185,1.016953,0.353061,2.047000,53969,26093,2135,58,973
st,official,mandelbrot,c,ok,0,5,5,2,10.985190,10.974534,11.090793,11.012009,0.050105,0.004550,10.974534,11.090793,10.929467,0.024551,10.954018,0.997162,1960,1960,1.000000,1.000000,1.000000,0.039800,16224,16224,1532,48,641
st,official,mandelbrot,cpp,ok,0,5,5,1,10.951923,10.948122,10.953536,10.951267,0.002055,0.000188,10.948122,10.953536,10.916510,0.015615,10.931299,0.998117,35360,35360,0.996972,0.997926,18.040816,0.109000,16648,16648,1253,34,607
st,official,mandelbrot,rust,ok,0,5,5,9,11.483334,11.480281,11.495236,11.485699,0.005900,0.000514,11.480281,11.495236,11.439951,0.017049,11.460785,0.998036,33592,33616,1.045347,1.046263,17.138776,0.098000,4518120,4518120,1503,46,612
st,official,mandelbrot,go,ok,0,5,5,7,11.268078,11.264065,11.324301,11.277916,0.026029,0.002308,11.264065,11.324301,11.224324,0.020026,11.240023,0.997510,3592,5672,1.025752,1.026110,1.832653,0.085800,2436016,2436016,1004,51,576
st,official,mandelbrot,java,ok,0,5,5,8,11.475803,11.168431,11.483104,11.416396,0.138653,0.012145,11.168431,11.483104,11.425695,0.026381,11.453887,0.998090,46140,46284,1.044661,1.045633,23.540816,0.220100,1710,,1515,42,587
st,official,mandelbrot,csharp,ok,0,5,5,6,11.173890,11.168216,11.175185,11.172596,0.002984,0.000267,11.168216,11.175185,11.128462,0.022211,11.150154,0.997876,31876,31920,1.017178,1.017905,16.263265,0.846600,290106,98312,1612,50,626
st,official,mandelbrot,javascript,ok,0,5,5,3,10.991529,10.990178,10.992745,10.991663,0.000985,0.000090,10.990178,10.992745,10.945755,0.025252,10.971418,0.998170,92660,92696,1.000577,1.001588,47.275510,0.002500,0,,1016,34,538
st,official,mandelbrot,python,ok,0,1,1,11,480.343695,480.343695,480.343695,480.343695,0.000000,0.000000,,,479.013053,0.288576,479.301629,0.997831,41612,41612,43.726480,43.755782,21.230612,0.001700,0,,986,34,469
st,official,mandelbrot,fortran,ok,0,5,5,4,10.994000,10.990399,11.007253,10.995684,0.006780,0.000617,10.990399,11.007253,10.950824,0.017454,10.969732,0.997793,34376,34396,1.000802,1.001435,17.538776,0.047400,17200,17200,2122,70,879
st,official,mandelbrot,pascal,ok,0,5,5,10,26.364664,26.219407,26.508137,26.365574,0.114232,0.004333,26.219407,26.508137,26.293930,0.021596,26.313999,0.998078,31788,31816,2.400019,2.402223,16.218367,0.043100,526712,512880,1422,61,654
st,official,binary-trees,resid,ok,0,5,5,2,2.156175,2.151037,2.173431,2.160219,0.010331,0.004782,2.151037,2.173431,2.067534,0.080519,2.150660,0.997442,263168,263168,0.323215,0.323098,0.996441,2.017200,53764,24619,2322,59,1044
st,official,binary-trees,c,ok,0,5,5,3,6.671027,6.628931,6.748172,6.681894,0.044666,0.006685,6.628931,6.748172,6.608024,0.052661,6.656375,0.997804,264108,264108,1.000000,1.000000,1.000000,0.098000,20344,20344,1777,62,691
st,official,binary-trees,cpp,ok,0,5,5,6,8.232193,8.168646,8.455540,8.287254,0.128343,0.015487,8.168646,8.455540,8.161707,0.051592,8.213025,0.997672,266432,266448,1.234022,1.233859,1.008799,0.110600,20776,20776,1657,58,681
st,official,binary-trees,rust,ok,0,5,5,9,10.311822,10.161375,10.377203,10.289877,0.083396,0.008105,10.161375,10.377203,9.009695,1.262796,10.284439,0.997345,264480,264488,1.545762,1.545051,1.001409,0.076800,4513320,4513320,1538,51,649
st,official,binary-trees,go,ok,0,5,5,10,12.199917,12.142340,12.271757,12.209138,0.057160,0.004682,12.142340,12.271757,12.111105,0.056826,12.167931,0.997378,280472,282800,1.828791,1.828012,1.061960,0.083500,2434656,2434656,1189,54,578
st,official,binary-trees,java,ok,0,5,5,1,1.601426,1.598842,1.611382,1.603208,0.005207,0.003248,1.598842,1.611382,1.493565,0.107150,1.595207,0.996117,601300,601304,0.240057,0.239651,2.276720,0.224200,1946,,1418,32,573
st,official,binary-trees,csharp,ok,0,5,5,8,9.354326,9.302227,9.481064,9.376280,0.067155,0.007162,9.302227,9.481064,8.959253,0.374102,9.293416,0.993489,562664,619576,1.402232,1.396168,2.130431,0.837900,290931,98312,1457,38,607
st,official,binary-trees,javascript,ok,0,5,5,7,9.232591,9.194107,9.256848,9.225178,0.026128,0.002832,9.194107,9.256848,8.780322,0.418730,9.199876,0.996457,1513872,1514168,1.383983,1.382115,5.732019,0.001800,0,,1025,22,512
st,official,binary-trees,python,ok,0,3,3,11,276.246266,276.173986,276.480240,276.300164,0.160083,0.000579,276.173986,276.480240,273.769252,1.830576,275.636361,0.997792,404888,405004,41.409856,41.409380,1.533040,0.001600,0,,1136,41,532
st,official,binary-trees,fortran,ok,0,5,5,4,7.086530,6.873125,7.192512,7.061192,0.123856,0.017540,6.873125,7.192512,7.016068,0.055563,7.071631,0.997898,265104,265132,1.062285,1.062385,1.003771,0.102400,22732,21600,2005,75,730
st,official,binary-trees,pascal,ok,0,5,5,5,7.702199,7.658373,7.734832,7.704394,0.029564,0.003837,7.658373,7.734832,6.785466,0.881480,7.681926,0.997368,262544,262544,1.154575,1.154070,0.994078,0.027500,206600,195664,1683,79,691
st,official,fasta,resid,ok,0,5,5,2,2.335220,2.325288,2.354874,2.340309,0.012873,0.005500,2.325288,2.354874,2.244014,0.084650,2.330313,0.997899,1152,1152,0.962346,0.962264,0.628821,2.040800,91266,28761,6389,153,1898
st,official,fasta,c,ok,0,5,5,5,2.426591,2.415827,2.432327,2.423856,0.007079,0.002921,2.415827,2.432327,2.346261,0.076806,2.421697,0.997983,1832,1832,1.000000,1.000000,1.000000,0.045900,16656,16656,2886,100,1132
st,official,fasta,cpp,ok,0,5,5,4,2.375817,2.369993,2.386851,2.377351,0.006372,0.002680,2.369993,2.386851,2.299027,0.073603,2.369605,0.997385,4144,4144,0.979076,0.978489,2.262009,0.173400,17648,17648,2992,101,1179
st,official,fasta,rust,ok,0,5,5,1,2.205221,2.195750,2.207895,2.203758,0.004693,0.002130,2.195750,2.207895,2.133698,0.062637,2.200302,0.997769,2436,2488,0.908773,0.908579,1.329694,0.121500,4525872,4525872,3309,106,1405
st,official,fasta,go,ok,0,5,5,3,2.336358,2.329693,2.345961,2.337181,0.005833,0.002496,2.329693,2.345961,2.262098,0.072446,2.331169,0.997779,3488,5592,0.962815,0.962618,1.903930,0.081100,2155453,2155453,2363,111,1141
st,official,fasta,java,ok,0,5,5,8,2.860623,2.611095,2.875688,2.814690,0.113980,0.040495,2.611095,2.875688,2.777242,0.080343,2.853055,0.997354,46944,47232,1.178865,1.178122,25.624454,0.216000,2620,,2893,76,1066
st,official,fasta,csharp,ok,0,5,5,7,2.548206,2.541976,2.557109,2.549437,0.006188,0.002427,2.541976,2.557109,2.469332,0.071711,2.541785,0.997480,29284,29296,1.050118,1.049588,15.984716,0.846600,295274,98312,3029,92,1127
st,official,fasta,javascript,ok,0,5,5,10,3.213363,3.205135,3.217938,3.211984,0.005005,0.001558,3.205135,3.217938,3.124046,0.081661,3.203301,0.996869,59904,60004,1.324229,1.322751,32.698690,0.001900,0,,2389,79,1107
st,official,fasta,python,ok,0,5,5,11,21.512547,21.387522,22.842971,21.758804,0.609859,0.028028,21.387522,22.842971,21.371911,0.098397,21.470308,0.998037,10760,10764,8.865337,8.865811,5.873362,0.001600,0,,2391,93,1041
st,official,fasta,fortran,ok,0,5,5,6,2.520947,2.520042,2.528583,2.522736,0.003526,0.001397,2.520042,2.528583,2.443336,0.072835,2.516171,0.998105,2988,3004,1.038884,1.039011,1.631004,0.062200,20213,17264,3612,127,1349
st,official,fasta,pascal,ok,0,5,5,9,3.067813,3.059476,3.074810,3.067521,0.007030,0.002292,3.059476,3.074810,2.995223,0.068765,3.059703,0.997356,692,704,1.264248,1.263454,0.377729,0.045000,530528,513488,2596,119,1146
st,official,k-nucleotide,resid,ok,0,5,5,3,4.754869,4.743472,4.762876,4.752872,0.007602,0.001599,4.743472,4.762876,4.704955,0.038237,4.743192,0.997544,269104,269152,1.137176,1.136760,1.968574,2.265400,112002,62673,5425,138,1910
st,official,k-nucleotide,c,ok,0,5,5,2,4.181296,4.160830,4.183443,4.177065,0.009384,0.002247,4.160830,4.183443,4.132698,0.039853,4.172552,0.997909,136700,136908,1.000000,1.000000,1.000000,0.074200,16728,16728,5005,188,1663
st,official,k-nucleotide,cpp,ok,0,5,5,4,4.838858,4.811264,4.867839,4.835358,0.023674,0.004896,4.811264,4.867839,4.791409,0.036411,4.827820,0.997719,132336,132340,1.157263,1.157043,0.968076,0.344400,28296,28296,2930,96,1163
st,official,k-nucleotide,rust,ok,0,5,5,5,10.865471,10.805866,12.252590,11.137184,0.624475,0.056071,10.805866,12.252590,10.808307,0.032546,10.841990,0.997839,137872,139212,2.598589,2.598407,1.008574,0.171900,4590728,4590728,2237,71,953
st,official,k-nucleotide,go,ok,0,5,5,8,21.849485,21.721144,21.856878,21.823404,0.057894,0.002653,21.721144,21.856878,21.736213,0.049287,21.794368,0.997477,345948,350180,5.225529,5.223271,2.530710,0.088200,2473232,2473232,1981,93,922
st,official,k-nucleotide,java,ok,0,5,5,9,45.125441,44.783147,46.243056,45.408043,0.618924,0.013630,44.783147,46.243056,44.913162,0.099716,45.015352,0.997560,846188,846756,10.792214,10.788446,6.190110,0.261200,4451,,2368,57,944
st,official,k-nucleotide,csharp,ok,0,5,5,7,17.504309,17.265436,18.421744,17.637722,0.451192,0.025581,17.265436,18.421744,17.256104,0.191447,17.448711,0.996824,774788,774848,4.186336,4.181784,5.667798,0.853400,294499,98312,2093,56,879
st,official,k-nucleotide,javascript,ok,0,5,5,10,48.974415,48.664881,49.897041,49.173530,0.551180,0.011209,48.664881,49.897041,48.722141,0.123637,48.865319,0.997772,724468,732708,11.712736,11.711135,5.299693,0.002600,0,,1574,46,736
st,official,k-nucleotide,python,ok,0,3,3,11,76.384389,75.665737,77.324210,76.458112,0.831691,0.010878,75.665737,77.324210,76.122015,0.079288,76.211746,0.997740,504704,504712,18.268113,18.265020,3.692056,0.002000,0,,1253,41,631
st,official,k-nucleotide,fortran,ok,0,5,5,1,3.481989,3.474104,3.486789,3.480213,0.005184,0.001489,3.474104,3.486789,3.415761,0.058611,3.474372,0.997812,375700,376708,0.832754,0.832673,2.748354,0.173200,23354,21920,6842,254,2080
st,official,k-nucleotide,pascal,ok,0,5,5,6,15.055306,15.021551,15.118091,15.064077,0.040911,0.002716,15.021551,15.118091,14.958520,0.055606,15.020512,0.997689,142504,142588,3.600631,3.599838,1.042458,0.440100,1647896,1179680,3521,164,1372
st,official,reverse-complement,resid,ok,0,5,5,6,0.387750,0.382576,0.424553,0.397629,0.018074,0.045455,0.382576,0.424553,0.284091,0.099795,0.386237,0.996098,497628,498368,1.961424,1.961450,0.998051,2.037700,61803,27013,3557,82,1518
st,official,reverse-complement,c,ok,0,5,5,1,0.197688,0.187925,0.207410,0.197972,0.008494,0.042905,0.187925,0.207410,0.095970,0.099737,0.196914,0.996085,498600,498660,1.000000,1.000000,1.000000,0.047800,16552,16552,2420,92,933
st,official,reverse-complement,cpp,ok,0,5,5,7,0.427563,0.426729,0.429415,0.427973,0.001059,0.002473,0.426729,0.429415,0.304941,0.121406,0.426347,0.997156,501112,501240,2.162817,2.165143,1.005038,0.206900,17824,17824,2123,71,895
st,official,reverse-complement,rust,ok,0,5,5,3,0.228671,0.224845,0.235522,0.229155,0.003949,0.017232,0.224845,0.235522,0.125535,0.106428,0.227880,0.996541,497516,498396,1.156727,1.157256,0.997826,0.109800,4527464,4527464,1987,65,870
st,official,reverse-complement,go,ok,0,5,5,2,0.220820,0.219651,0.221644,0.220791,0.000732,0.003314,0.219651,0.221644,0.132045,0.087693,0.219971,0.996155,795500,795696,1.117013,1.117092,1.595467,0.078500,2137465,2137465,1553,80,773
st,official,reverse-complement,java,ok,0,5,5,8,0.549126,0.522722,0.551461,0.541242,0.012531,0.023152,0.522722,0.551461,0.406007,0.129302,0.546993,0.996116,1521888,1523676,2.777741,2.777827,3.052323,0.212900,1791,,2009,56,792
st,official,reverse-complement,csharp,ok,0,5,5,5,0.370646,0.363409,0.373358,0.369317,0.004037,0.010931,0.363409,0.373358,0.258079,0.109405,0.369496,0.996897,1009016,1009164,1.874904,1.876433,2.023698,0.829700,290709,98312,2042,71,821
st,official,reverse-complement,javascript,ok,0,5,5,9,0.567068,0.558717,0.569400,0.565979,0.004252,0.007512,0.558717,0.569400,0.457230,0.107593,0.565617,0.997441,680208,681936,2.868500,2.872406,1.364236,0.002300,0,,1292,44,669
st,official,reverse-complement,python,ok,0,5,5,11,1.116644,1.111802,1.128994,1.118226,0.006752,0.006038,1.111802,1.128994,0.824568,0.285645,1.112080,0.995913,856388,856700,5.648517,5.647542,1.717585,0.001900,0,,955,35,497
st,official,reverse-complement,fortran,ok,0,5,5,4,0.325715,0.324648,0.331264,0.326754,0.002724,0.008336,0.324648,0.331264,0.222608,0.102659,0.324537,0.996383,501124,501176,1.647622,1.648115,1.005062,0.059400,16488,16488,3127,118,1133
st,official,reverse-complement,pascal,ok,0,5,5,10,0.599599,0.598120,0.607278,0.601440,0.003736,0.006212,0.598120,0.607278,0.499754,0.101762,0.597551,0.996584,514984,515012,3.033057,3.034579,1.032860,0.045100,525384,512880,1881,84,822
st,official,pidigits,resid,ok,0,5,5,6,0.433431,0.432996,0.434480,0.433648,0.000624,0.001439,0.432996,0.434480,0.431536,0.000996,0.432535,0.997933,2816,2816,1.089472,1.089528,0.959128,2.183500,85067,49693,4516,117,1775
st,official,pidigits,c,ok,0,5,5,1,0.397836,0.397602,0.398159,0.397865,0.000200,0.000502,0.397602,0.398159,0.396782,0.000000,0.396993,0.997881,2936,3064,1.000000,1.000000,1.000000,0.041000,16640,16640,1761,71,727
st,official,pidigits,cpp,ok,0,5,5,4,0.398914,0.398507,0.399459,0.398910,0.000405,0.001016,0.398507,0.399459,0.397758,0.000000,0.397758,0.997102,5080,5128,1.002710,1.001927,1.730245,0.134700,17184,17184,2278,86,869
st,official,pidigits,rust,ok,0,5,5,5,0.416432,0.415905,0.416883,0.416450,0.000405,0.000972,0.415905,0.416883,0.415424,0.000000,0.415487,0.997731,3344,3516,1.046743,1.046585,1.138965,1.776700,41647746,477712,2146,81,824
st,official,pidigits,go,ok,0,5,5,7,0.819763,0.817804,0.822895,0.820314,0.002163,0.002637,0.817804,0.822895,0.816086,0.001996,0.817235,0.996916,10764,12804,2.060555,2.058563,3.666213,0.092900,2618405,2618405,1414,76,707
st,official,pidigits,java,ok,0,5,5,8,1.779256,1.771157,1.783044,1.778427,0.004746,0.002669,1.771157,1.783044,1.744844,0.031912,1.773616,0.996830,58876,58916,4.472335,4.467625,20.053134,0.229600,2091,,1765,51,657
st,official,pidigits,csharp,ok,0,5,5,10,2.453158,2.448264,2.473341,2.457257,0.009753,0.003969,2.448264,2.473341,2.430081,0.019164,2.446006,0.997085,42224,42268,6.166254,6.161333,14.381471,0.848800,289682,98312,1467,57,592
st,official,pidigits,javascript,ok,0,5,5,11,4.757260,4.660267,4.877603,4.750571,0.092590,0.019490,4.660267,4.877603,4.609229,0.095050,4.742367,0.996869,125956,126308,11.957842,11.945719,42.900545,0.002600,0,,789,26,466
st,official,pidigits,python,ok,0,5,5,9,1.833476,1.829390,1.858962,1.841891,0.014466,0.007854,1.829390,1.858962,1.798199,0.035394,1.828985,0.997551,11012,11020,4.608623,4.607096,3.750681,0.002000,0,,868,35,436
st,official,pidigits,fortran,ok,0,5,5,2,0.398007,0.397829,0.398724,0.398158,0.000349,0.000877,0.397829,0.398724,0.396371,0.000997,0.397285,0.998186,4064,4080,1.000430,1.000736,1.384196,0.048300,21219,17720,3701,129,977
st,official,pidigits,pascal,ok,0,5,5,3,0.398007,0.397595,0.399084,0.398117,0.000588,0.001478,0.397595,0.399084,0.396884,0.000000,0.397162,0.997877,3284,3476,1.000430,1.000426,1.118529,0.052800,603328,590904,1510,74,676
st,official,regex-redux,resid,ok,0,5,5,6,2.371976,2.363201,2.376561,2.371570,0.005061,0.002134,2.363201,2.376561,2.326422,0.039479,2.365901,0.997439,328504,329956,1.480557,1.480557,2.101484,3.202900,575111,216668,1510,35,710
st,official,regex-redux,c,ok,0,5,5,2,1.602084,1.592930,1.609881,1.600492,0.007417,0.004634,1.592930,1.609881,1.576520,0.020738,1.597980,0.997438,156320,156428,1.000000,1.000000,1.000000,0.052800,17192,17192,4052,128,1402
st,official,regex-redux,cpp,ok,0,5,5,11,20.068099,19.759469,20.203150,20.031240,0.172330,0.008603,19.759469,20.203150,19.954406,0.076066,20.027949,0.997999,200196,201648,12.526246,12.533291,1.280681,2.188000,173352,173352,1656,48,717
st,official,regex-redux,rust,ok,0,5,5,1,0.576702,0.570704,0.581201,0.576660,0.004124,0.007152,0.570704,0.581201,0.549947,0.026896,0.575107,0.997234,156436,157468,0.359970,0.359896,1.000742,3.325800,40247353,2832816,1422,45,660
st,official,regex-redux,go,ok,0,5,5,9,16.767323,16.661001,16.896827,16.752471,0.096435,0.005756,16.661001,16.896827,16.666821,0.053647,16.731080,0.997838,282788,313868,10.465945,10.470144,1.809033,0.094000,2877573,2877573,1206,52,635
st,official,regex-redux,java,ok,0,5,5,8,6.494156,6.430794,6.640545,6.520466,0.082110,0.012593,6.430794,6.640545,6.401615,0.079315,6.479951,0.997813,974500,974640,4.053568,4.055089,6.234007,0.240100,2238,,1774,48,702
st,official,regex-redux,csharp,ok,0,5,5,5,2.074403,2.071638,2.082586,2.076603,0.004948,0.002383,2.071638,2.082586,1.991481,0.072523,2.063722,0.994851,801728,801780,1.294815,1.291457,5.128762,0.842400,290947,98312,1916,55,784
st,official,regex-redux,javascript,ok,0,5,5,4,1.752414,1.750372,1.871631,1.777834,0.052680,0.029631,1.750372,1.871631,1.610808,0.145284,1.746209,0.996459,651388,702608,1.093834,1.092760,4.167016,0.003200,0,,1038,38,537
st,official,regex-redux,python,ok,0,5,5,7,6.184172,6.102956,6.304150,6.183051,0.082830,0.013396,6.102956,6.304150,6.036963,0.143499,6.169043,0.997554,381276,381296,3.860080,3.860526,2.439074,0.001600,0,,1105,42,521
st,official,regex-redux,fortran,ok,0,5,5,3,1.655684,1.653480,1.660231,1.656154,0.002719,0.001642,1.653480,1.660231,1.621913,0.029927,1.650818,0.997061,106220,106256,1.033456,1.033065,0.679504,0.071500,21622,17856,6599,179,1822
st,official,regex-redux,pascal,ok,0,5,5,10,18.066256,17.955901,18.180322,18.078798,0.086265,0.004772,17.955901,18.180322,14.810145,3.209708,18.009281,0.996846,252660,252744,11.276722,11.270029,1.616300,0.060500,923848,905936,1942,78,863
st,small,nbody,resid,ok,0,5,5,2,0.145923,0.145879,0.146349,0.146031,0.000195,0.001333,0.145879,0.146349,0.145609,0.000000,0.145609,0.997848,680,704,0.770905,0.771112,0.290598,2.044000,88401,41257,12990,336,3534
st,small,nbody,c,ok,0,5,5,5,0.189288,0.188878,0.189750,0.189282,0.000337,0.001779,0.188878,0.189750,0.188830,0.000000,0.188830,0.997580,2340,2444,1.000000,1.000000,1.000000,0.059300,16416,16416,3539,98,1291
st,small,nbody,cpp,ok,0,5,5,4,0.188071,0.187698,0.188461,0.188062,0.000305,0.001621,0.187698,0.188461,0.187476,0.000000,0.187476,0.996836,4260,4300,0.993571,0.992830,1.820513,0.132100,16216,16216,3415,97,1323
st,small,nbody,rust,ok,0,5,5,1,0.134616,0.134521,0.134938,0.134666,0.000163,0.001210,0.134521,0.134938,0.134202,0.000000,0.134251,0.997289,2456,2492,0.711170,0.710962,1.049573,0.095100,4541456,4541456,3822,128,1380
st,small,nbody,go,ok,0,5,5,6,0.196811,0.196550,0.197295,0.196866,0.000312,0.001586,0.196550,0.197295,0.195318,0.000996,0.196274,0.997271,3584,3588,1.039744,1.039422,1.531624,0.085600,2430390,2430390,2695,114,1189
st,small,nbody,java,ok,0,5,5,8,0.235591,0.234667,0.236419,0.235550,0.000634,0.002691,0.234667,0.236419,0.225592,0.008976,0.234675,0.996112,47068,47228,1.244617,1.242785,20.114530,0.239900,3172,,3519,78,1276
st,small,nbody,csharp,ok,0,5,5,7,0.210162,0.209632,0.221283,0.212357,0.005001,0.023552,0.209632,0.221283,0.205403,0.003996,0.209511,0.996902,28044,28080,1.110276,1.109522,11.984615,2.457500,293626,98312,3592,91,1340
st,small,nbody,javascript,ok,0,5,5,10,0.239263,0.236187,0.241855,0.239206,0.002233,0.009337,0.236187,0.241855,0.231169,0.006985,0.238581,0.997150,62484,62512,1.264016,1.263470,26.702564,0.002600,0,,2679,78,1137
st,small,nbody,python,ok,0,5,5,11,14.303041,14.159896,14.697235,14.412947,0.226938,0.015745,14.159896,14.697235,14.264628,0.009843,14.274029,0.997972,10640,10640,75.562323,75.591956,4.547009,0.001400,0,,2712,94,1148
st,small,nbody,fortran,ok,0,5,5,3,0.178449,0.178095,0.178544,0.178345,0.000226,0.001267,0.178095,0.178544,0.177983,0.000000,0.177983,0.997389,3216,3220,0.942738,0.942557,1.374359,0.066600,17024,17024,3215,102,1293
st,small,nbody,pascal,ok,0,5,5,9,0.238019,0.237558,0.238212,0.237938,0.000249,0.001049,0.237558,0.238212,0.237575,0.000000,0.237575,0.998135,684,704,1.257444,1.258142,0.292308,0.028100,209880,193120,3165,108,1285
st,small,fannkuch-redux,resid,ok,0,5,5,1,0.095910,0.095888,0.096299,0.096001,0.000173,0.001807,0.095888,0.096299,0.095675,0.000000,0.095690,0.997706,680,700,0.593668,0.593658,0.346939,2.011900,49994,20955,3711,99,1577
st,small,fannkuch-redux,c,ok,0,5,5,3,0.161555,0.160990,0.163175,0.161818,0.000854,0.005278,0.160990,0.163175,0.159958,0.000992,0.161187,0.997722,1960,1960,1.000000,1.000000,1.000000,0.044600,16096,16096,1469,55,577
st,small,fannkuch-redux,cpp,ok,0,5,5,5,0.166762,0.166241,0.166962,0.166691,0.000268,0.001608,0.166241,0.166962,0.165837,0.000000,0.166319,0.997344,4292,4316,1.032231,1.031839,2.189796,0.148500,16824,16824,1241,41,563
st,small,fannkuch-redux,rust,ok,0,5,5,6,0.170519,0.169360,0.170941,0.170351,0.000601,0.003528,0.169360,0.170941,0.169798,0.000000,0.170075,0.997396,2432,2488,1.055486,1.055141,1.240816,0.097700,4512992,4512992,1544,53,634
st,small,fannkuch-redux,go,ok,0,5,5,2,0.154813,0.153125,0.156981,0.155047,0.001434,0.009247,0.153125,0.156981,0.154112,0.000996,0.154410,0.997397,3584,3588,0.958268,0.957956,1.828571,0.081900,2430837,2430837,1221,67,596
st,small,fannkuch-redux,java,ok,0,5,5,9,0.190302,0.189303,0.195064,0.191601,0.002561,0.013367,0.189303,0.195064,0.181633,0.008914,0.189473,0.995644,45836,45916,1.177939,1.175486,23.385714,0.206100,1488,,1277,31,533
st,small,fannkuch-redux,csharp,ok,0,5,5,7,0.179951,0.178791,0.191335,0.181972,0.005270,0.028958,0.178791,0.191335,0.173843,0.004971,0.179324,0.996516,28028,28144,1.113868,1.112521,14.300000,0.870600,289235,98312,1360,40,548
st,small,fannkuch-redux,javascript,ok,0,5,5,8,0.182281,0.181289,0.183881,0.182538,0.001093,0.005990,0.181289,0.183881,0.175289,0.006002,0.181698,0.996802,58296,58332,1.128291,1.127250,29.742857,0.002100,0,,1195,34,549
st,small,fannkuch-redux,python,ok,0,5,5,11,2.543978,2.516229,2.557915,2.538769,0.019654,0.007741,2.516229,2.557915,2.536254,0.002992,2.539246,0.998140,10252,10252,15.746823,15.753417,5.230612,0.001300,0,,1117,46,487
st,small,fannkuch-redux,fortran,ok,0,5,5,4,0.163326,0.163235,0.169357,0.164680,0.002648,0.016080,0.163235,0.169357,0.162885,0.000000,0.162885,0.997300,3192,3220,1.010962,1.010534,1.628571,0.054900,17016,17016,1462,67,612
st,small,fannkuch-redux,pascal,ok,0,5,5,10,0.293497,0.293205,0.294761,0.293915,0.000751,0.002556,0.293205,0.294761,0.292969,0.000000,0.292969,0.998201,692,704,1.816700,1.817572,0.353061,0.025500,205600,192912,1489,68,614
st,small,spectral-norm,resid,ok,0,5,5,7,0.039690,0.039596,0.039960,0.039758,0.000147,0.003688,0.039596,0.039960,0.039455,0.000000,0.039502,0.995263,680,700,1.532018,1.531441,0.275081,2.091100,76163,45903,3535,103,1300
st,small,spectral-norm,c,ok,0,5,5,1,0.025907,0.025882,0.025945,0.025912,0.000023,0.000897,0.025882,0.025945,0.025791,0.000000,0.025794,0.995638,2472,2532,1.000000,1.000000,1.000000,0.060700,16248,16248,1449,55,544
st,small,spectral-norm,cpp,ok,0,5,5,2,0.026145,0.026097,0.026484,0.026240,0.000171,0.006534,0.026097,0.026484,0.026034,0.000000,0.026034,0.995754,4288,4304,1.009187,1.009304,1.734628,0.174600,16936,16936,1413,52,553
st,small,spectral-norm,rust,ok,0,5,5,5,0.033881,0.033837,0.034062,0.033908,0.000092,0.002715,0.033837,0.034062,0.033746,0.000000,0.033746,0.996015,2468,2480,1.307793,1.308289,0.998382,0.104700,4539512,4539512,1233,49,495
st,small,spectral-norm,go,ok,0,5,5,6,0.034677,0.034477,0.034989,0.034672,0.000200,0.005772,0.034477,0.034989,0.033659,0.000978,0.034460,0.993742,3588,5644,1.338519,1.335970,1.451456,0.085900,2432212,2432212,982,61,463
st,small,spectral-norm,java,ok,0,5,5,10,0.089232,0.088300,0.093712,0.090695,0.002687,0.029631,0.088300,0.093712,0.082308,0.006922,0.088685,0.993870,46212,46344,3.444320,3.438203,18.694175,0.227000,1426,,1287,38,491
st,small,spectral-norm,csharp,ok,0,5,5,8,0.048538,0.048154,0.098060,0.058341,0.022205,0.380615,0.048154,0.098060,0.043884,0.004940,0.048241,0.993881,25464,25480,1.873548,1.870241,10.300971,0.839600,290363,98312,1382,49,530
st,small,spectral-norm,javascript,ok,0,5,5,9,0.061584,0.058927,0.065249,0.061578,0.002447,0.039734,0.058927,0.065249,0.053282,0.007901,0.061183,0.993489,60648,61176,2.377118,2.371986,24.533981,0.002300,0,,842,24,397
st,small,spectral-norm,python,ok,0,5,5,11,3.368905,3.361090,3.414268,3.382034,0.024156,0.007142,3.361090,3.414268,3.359482,0.002990,3.362416,0.998074,10512,10512,130.038407,130.356517,4.252427,0.001700,0,,1001,45,437
st,small,spectral-norm,fortran,ok,0,5,5,3,0.026145,0.026089,0.026366,0.026178,0.000115,0.004384,0.026089,0.026366,0.026038,0.000000,0.026038,0.995907,3220,3320,1.009187,1.009460,1.302589,0.073800,17264,17264,1628,73,600
st,small,spectral-norm,pascal,ok,0,5,5,4,0.033800,0.033755,0.033887,0.033810,0.000053,0.001562,0.033755,0.033887,0.033658,0.000000,0.033672,0.996213,692,696,1.304667,1.305420,0.279935,0.029700,207288,195744,1263,73,523
st,small,mandelbrot,resid,ok,0,5,5,4,0.713625,0.712412,0.714223,0.713497,0.000725,0.001017,0.712412,0.714223,0.710781,0.000999,0.712418,0.998309,696,704,1.016582,1.017317,0.355102,2.047000,53969,26093,2135,58,973
st,small,mandelbrot,c,ok,0,5,5,3,0.701985,0.701204,0.703496,0.702180,0.000847,0.001207,0.701204,0.703496,0.700017,0.000784,0.700291,0.997587,1960,1960,1.000000,1.000000,1.000000,0.039800,16224,16224,1532,48,641
st,small,mandelbrot,cpp,ok,0,5,5,2,0.698212,0.698041,0.698826,0.698375,0.000358,0.000513,0.698041,0.698826,0.695771,0.000999,0.696930,0.998164,6056,6056,0.994625,0.995201,3.089796,0.109000,16648,16648,1253,34,607
st,small,mandelbrot,rust,ok,0,5,5,8,0.731568,0.730940,0.731835,0.731499,0.000346,0.000473,0.730940,0.731835,0.727229,0.002896,0.730223,0.998161,4248,4284,1.042142,1.042742,2.167347,0.098000,4518120,4518120,1503,46,612
st,small,mandelbrot,go,ok,0,5,5,5,0.716502,0.715687,0.716939,0.716326,0.000506,0.000706,0.715687,0.716939,0.713964,0.000996,0.714960,0.997848,3592,5660,1.020680,1.020947,1.832653,0.085800,2436016,2436016,1004,51,576
st,small,mandelbrot,java,ok,0,5,5,9,0.741624,0.734830,0.760222,0.746774,0.011061,0.014812,0.734830,0.760222,0.731723,0.007988,0.739891,0.997663,46180,46260,1.056467,1.056548,23.561224,0.220100,1710,,1515,42,587
st,small,mandelbrot,csharp,ok,0,5,5,7,0.727227,0.726606,0.776495,0.737061,0.022050,0.029916,0.726606,0.776495,0.718564,0.006950,0.725643,0.997822,31568,31572,1.035958,1.036202,16.106122,0.846600,290106,98312,1612,50,626
st,small,mandelbrot,javascript,ok,0,5,5,6,0.720753,0.717751,0.722417,0.720308,0.001812,0.002516,0.717751,0.722417,0.710345,0.008936,0.719311,0.997999,62920,63352,1.026736,1.027160,32.102041,0.002500,0,,1016,34,538
st,small,mandelbrot,python,ok,0,5,5,11,29.554080,29.536687,30.362875,29.711522,0.364197,0.012258,29.536687,30.362875,29.481389,0.016922,29.497806,0.998096,12412,12428,42.100729,42.122212,6.332653,0.001700,0,,986,34,469
st,small,mandelbrot,fortran,ok,0,5,5,1,0.696668,0.695876,0.697349,0.696740,0.000581,0.000834,0.695876,0.697349,0.693177,0.002974,0.695377,0.998147,5024,5032,0.992426,0.992983,2.563265,0.047400,17200,17200,2122,70,879
st,small,mandelbrot,pascal,ok,0,5,5,10,1.697640,1.696325,1.698626,1.697419,0.000963,0.000568,1.696325,1.698626,1.691678,0.001996,1.694399,0.998091,2472,2472,2.418342,2.419564,1.261224,0.043100,526712,512880,1422,61,654
st,small,binary-trees,resid,ok,0,5,5,1,0.054617,0.054062,0.054690,0.054514,0.000263,0.004823,0.054062,0.054690,0.051398,0.003022,0.054376,0.995587,14336,14336,0.351354,0.350980,1.411579,2.017200,53764,24619,2322,59,1044
st,small,binary-trees,c,ok,0,5,5,4,0.155447,0.153809,0.156225,0.155037,0.001005,0.006481,0.153809,0.156225,0.152160,0.002983,0.154926,0.996648,10156,10156,1.000000,1.000000,1.000000,0.098000,20344,20344,1777,62,691
st,small,binary-trees,cpp,ok,0,5,5,8,0.184037,0.183106,0.186123,0.184492,0.001193,0.006466,0.183106,0.186123,0.181648,0.001991,0.183638,0.997832,12500,12516,1.183921,1.185327,1.230800,0.110600,20776,20776,1657,58,681
st,small,binary-trees,rust,ok,0,5,5,9,0.218525,0.216801,0.223047,0.219211,0.002461,0.011227,0.216801,0.223047,0.198440,0.021927,0.218032,0.997744,10496,10548,1.405785,1.407330,1.033478,0.076800,4513320,4513320,1538,51,649
st,small,binary-trees,go,ok,0,5,5,10,0.258706,0.257575,0.259290,0.258456,0.000745,0.002884,0.257575,0.259290,0.253861,0.003975,0.257860,0.996730,19244,21212,1.664271,1.664408,1.894840,0.083500,2434656,2434656,1189,54,578
st,small,binary-trees,java,ok,0,5,5,2,0.069052,0.067828,0.069694,0.068783,0.000848,0.012334,0.067828,0.069694,0.056346,0.011942,0.068632,0.993918,69536,69548,0.444216,0.442999,6.846790,0.224200,1946,,1418,32,573
st,small,binary-trees,csharp,ok,0,5,5,7,0.179050,0.178333,0.192296,0.181817,0.005911,0.032508,0.178333,0.192296,0.166192,0.012929,0.176676,0.986741,54968,54992,1.151840,1.140390,5.412367,0.837900,290931,98312,1457,38,607
st,small,binary-trees,javascript,ok,0,5,5,3,0.135767,0.130919,0.137376,0.134658,0.002549,0.018933,0.130919,0.137376,0.113782,0.020702,0.135043,0.994667,107728,107908,0.873397,0.871661,10.607326,0.001800,0,,1025,22,512
st,small,binary-trees,python,ok,0,5,5,11,1.685754,1.664848,1.715099,1.687366,0.018850,0.011171,1.664848,1.715099,1.664891,0.019905,1.681769,0.997636,22620,22620,10.844558,10.855305,2.227255,0.001600,0,,1136,41,532
st,small,binary-trees,fortran,ok,0,5,5,5,0.165695,0.165625,0.166028,0.165736,0.000167,0.001009,0.165625,0.166028,0.163267,0.002000,0.165265,0.997405,11152,11152,1.065926,1.066735,1.098070,0.102400,22732,21600,2005,75,730
st,small,binary-trees,pascal,ok,0,5,5,6,0.167148,0.166790,0.168087,0.167345,0.000541,0.003231,0.166790,0.168087,0.155378,0.010958,0.166659,0.997074,8464,8468,1.075273,1.075733,0.833399,0.027500,206600,195664,1683,79,691
st,small,fasta,resid,ok,0,5,5,2,0.235071,0.234219,0.237432,0.235335,0.001231,0.005229,0.234219,0.237432,0.223570,0.012924,0.234473,0.997456,1152,1152,0.966118,0.965430,0.628821,2.040800,91266,28761,6389,153,1898
st,small,fasta,c,ok,0,5,5,5,0.243315,0.242936,0.244451,0.243424,0.000619,0.002543,0.242936,0.244451,0.232426,0.010020,0.242869,0.998167,1832,1832,1.000000,1.000000,1.000000,0.045900,16656,16656,2886,100,1132
st,small,fasta,cpp,ok,0,5,5,4,0.239943,0.239152,0.241080,0.240011,0.000766,0.003192,0.239152,0.241080,0.232394,0.007014,0.239408,0.997770,4144,4172,0.986141,0.985750,2.262009,0.173400,17648,17648,2992,101,1179
st,small,fasta,rust,ok,0,5,5,1,0.222980,0.222697,0.223930,0.223272,0.000548,0.002456,0.222697,0.223930,0.215068,0.006987,0.222546,0.998054,2380,2492,0.916425,0.916321,1.299127,0.121500,4525872,4525872,3309,106,1405
st,small,fasta,go,ok,0,5,5,3,0.237627,0.235514,0.238150,0.237302,0.001048,0.004415,0.235514,0.238150,0.229860,0.006967,0.237009,0.997399,3484,5584,0.976623,0.975872,1.901747,0.081100,2155453,2155453,2363,111,1141
st,small,fasta,java,ok,0,5,5,9,0.312541,0.305103,0.334671,0.319412,0.013945,0.043659,0.305103,0.334671,0.299619,0.013980,0.311602,0.996996,46340,47016,1.284512,1.283004,25.294760,0.216000,2620,,2893,76,1066
st,small,fasta,csharp,ok,0,5,5,7,0.274594,0.273340,0.326952,0.284816,0.023562,0.082726,0.273340,0.326952,0.262639,0.010920,0.273593,0.996355,28928,28960,1.128554,1.126504,15.790393,0.846600,295274,98312,3029,92,1127
st,small,fasta,javascript,ok,0,5,5,10,0.347026,0.346285,0.349112,0.347219,0.001108,0.003192,0.346285,0.349112,0.332844,0.012970,0.345814,0.996507,59644,59728,1.426242,1.423870,32.556769,0.001900,0,,2389,79,1107
st,small,fasta,python,ok,0,5,5,11,2.163774,2.153529,2.305951,2.190972,0.064517,0.029447,2.153529,2.305951,2.149080,0.010638,2.159718,0.998125,10764,10768,8.892892,8.892522,5.875546,0.001600,0,,2391,93,1041
st,small,fasta,fortran,ok,0,5,5,6,0.253730,0.252936,0.254493,0.253754,0.000567,0.002235,0.252936,0.254493,0.247090,0.006001,0.253136,0.997659,2964,2996,1.042805,1.042274,1.617904,0.062200,20213,17264,3612,127,1349
st,small,fasta,pascal,ok,0,5,5,8,0.308189,0.306468,0.309192,0.308086,0.001038,0.003368,0.306468,0.309192,0.300737,0.005994,0.307377,0.997365,672,704,1.266626,1.265608,0.366812,0.045000,530528,513488,2596,119,1146
st,small,k-nucleotide,resid,ok,0,5,5,3,0.491787,0.490312,0.492490,0.491401,0.001022,0.002079,0.490312,0.492490,0.481655,0.008938,0.490593,0.997572,45708,45740,1.129812,1.130766,1.717571,2.265400,112002,62673,5425,138,1910
st,small,k-nucleotide,c,ok,0,5,5,2,0.435282,0.431352,0.435683,0.434305,0.001785,0.004110,0.431352,0.435683,0.422955,0.008884,0.433859,0.996731,26612,26872,1.000000,1.000000,1.000000,0.074200,16728,16728,5005,188,1663
st,small,k-nucleotide,cpp,ok,0,5,5,4,0.501950,0.499618,0.503194,0.501786,0.001325,0.002640,0.499618,0.503194,0.494657,0.006523,0.500448,0.997008,23296,23780,1.153160,1.153481,0.875395,0.344400,28296,28296,2930,96,1163
st,small,k-nucleotide,rust,ok,0,5,5,5,1.099491,1.097626,1.115610,1.104171,0.007837,0.007098,1.097626,1.115610,1.089096,0.008832,1.097020,0.997753,29032,29308,2.525928,2.528517,1.090936,0.171900,4590728,4590728,2237,71,953
st,small,k-nucleotide,go,ok,0,5,5,8,2.337557,2.310408,2.354188,2.332698,0.018648,0.007994,2.310408,2.354188,2.318833,0.012256,2.331089,0.997233,61632,63620,5.370213,5.372918,2.315948,0.088200,2473232,2473232,1981,93,922
st,small,k-nucleotide,java,ok,0,5,5,9,4.839417,4.714070,4.929573,4.843925,0.086525,0.017863,4.714070,4.929573,4.802229,0.031584,4.827139,0.997463,180760,180792,11.117889,11.126055,6.792424,0.261200,4451,,2368,57,944
st,small,k-nucleotide,csharp,ok,0,5,5,7,1.982941,1.981372,2.049048,2.006478,0.033899,0.016895,1.981372,2.049048,1.946863,0.029822,1.975360,0.996177,121808,121928,4.555532,4.553000,4.577183,0.853400,294499,98312,2093,56,879
st,small,k-nucleotide,javascript,ok,0,5,5,10,4.920344,4.840917,4.953829,4.901726,0.046713,0.009530,4.840917,4.953829,4.873635,0.039386,4.908157,0.997523,201496,201512,11.303808,11.312793,7.571622,0.002600,0,,1574,46,736
st,small,k-nucleotide,python,ok,0,5,5,11,7.362176,7.281763,7.449141,7.355830,0.061838,0.008407,7.281763,7.449141,7.326178,0.017468,7.345549,0.997742,59776,59780,16.913578,16.930729,2.246205,0.002000,0,,1253,41,631
st,small,k-nucleotide,fortran,ok,0,5,5,1,0.361278,0.359794,0.361666,0.360961,0.000740,0.002050,0.359794,0.361666,0.351841,0.008974,0.360174,0.996944,40552,41528,0.829986,0.830164,1.523824,0.173200,23354,21920,6842,254,2080
st,small,k-nucleotide,pascal,ok,0,5,5,6,1.540465,1.537898,1.559958,1.543892,0.009142,0.005921,1.537898,1.559958,1.530284,0.010945,1.537268,0.997925,27836,27856,3.539005,3.543243,1.045994,0.440100,1647896,1179680,3521,164,1372
st,small,reverse-complement,resid,ok,0,5,5,5,0.038937,0.038120,0.043763,0.039804,0.002262,0.056836,0.038120,0.043763,0.027672,0.010887,0.038722,0.994478,50408,51640,1.717784,1.722126,0.951597,2.037700,61803,27013,3557,82,1518
st,small,reverse-complement,c,ok,0,5,5,2,0.022667,0.020798,0.022912,0.022209,0.000873,0.039311,0.020798,0.022912,0.009753,0.012732,0.022485,0.991971,52972,52984,1.000000,1.000000,1.000000,0.047800,16552,16552,2420,92,933
st,small,reverse-complement,cpp,ok,0,5,5,6,0.043370,0.042354,0.043567,0.043231,0.000503,0.011639,0.042354,0.043567,0.029111,0.013059,0.043139,0.994674,80504,82788,1.913354,1.918568,1.519746,0.206900,17824,17824,2123,71,895
st,small,reverse-complement,rust,ok,0,5,5,3,0.024261,0.023760,0.025456,0.024414,0.000627,0.025663,0.023760,0.025456,0.012043,0.012043,0.024086,0.992787,53952,55508,1.070322,1.071203,1.018500,0.109800,4527464,4527464,1987,65,870
st,small,reverse-complement,go,ok,0,5,5,1,0.021316,0.021024,0.021895,0.021321,0.000354,0.016587,0.021024,0.021895,0.013070,0.007901,0.021108,0.990242,82176,88328,0.940398,0.938759,1.551310,0.078500,2137465,2137465,1553,80,773
st,small,reverse-complement,java,ok,0,5,5,10,0.099297,0.096668,0.105072,0.099716,0.003229,0.032378,0.096668,0.105072,0.074374,0.025646,0.098743,0.994421,208172,210040,4.380686,4.391505,3.929850,0.212900,1791,,2009,56,792
st,small,reverse-complement,csharp,ok,0,5,5,7,0.056127,0.055929,0.067137,0.058478,0.004864,0.083178,0.055929,0.067137,0.041803,0.013923,0.055726,0.992855,108336,108340,2.476155,2.478363,2.045156,0.829700,290709,98312,2042,71,821
st,small,reverse-complement,javascript,ok,0,5,5,9,0.085016,0.082810,0.086770,0.085247,0.001610,0.018890,0.082810,0.086770,0.066330,0.018848,0.084535,0.994342,123636,124044,3.750651,3.759618,2.333988,0.002300,0,,1292,44,669
st,small,reverse-complement,python,ok,0,5,5,11,0.123048,0.121442,0.125181,0.123002,0.001544,0.012552,0.121442,0.125181,0.089672,0.032714,0.122542,0.995888,104312,104380,5.428508,5.449944,1.969191,0.001900,0,,955,35,497
st,small,reverse-complement,fortran,ok,0,5,5,4,0.036988,0.034021,0.038799,0.036664,0.001942,0.052971,0.034021,0.038799,0.028850,0.008957,0.036812,0.995242,53880,54860,1.631800,1.637180,1.017141,0.059400,16488,16488,3127,118,1133
st,small,reverse-complement,pascal,ok,0,5,5,8,0.063970,0.063647,0.065001,0.064212,0.000582,0.009070,0.063647,0.065001,0.050684,0.012904,0.063772,0.996905,58496,58544,2.822164,2.836202,1.104282,0.045100,525384,512880,1881,84,822
st,small,pidigits,resid,ok,0,5,5,6,0.019229,0.019159,0.019527,0.019275,0.000145,0.007516,0.019159,0.019527,0.019147,0.000000,0.019147,0.995736,676,700,1.345344,1.347906,0.264890,2.183500,85067,49693,4516,117,1775
st,small,pidigits,c,ok,0,5,5,1,0.014293,0.014202,0.014349,0.014281,0.000056,0.003954,0.014202,0.014349,0.014205,0.000000,0.014205,0.993843,2552,2660,1.000000,1.000000,1.000000,0.041000,16640,16640,1761,71,727
st,small,pidigits,cpp,ok,0,5,5,4,0.014622,0.014615,0.014934,0.014699,0.000137,0.009315,0.014615,0.014934,0.014535,0.000000,0.014547,0.994871,4940,4992,1.023018,1.024076,1.935737,0.134700,17184,17184,2278,86,869
st,small,pidigits,rust,ok,0,5,5,5,0.014987,0.014928,0.016283,0.015234,0.000587,0.038549,0.014928,0.016283,0.014879,0.000000,0.014904,0.994462,2972,3076,1.048555,1.049208,1.164577,1.776700,41647746,477712,2146,81,824
st,small,pidigits,go,ok,0,5,5,7,0.031919,0.031596,0.032792,0.032095,0.000465,0.014486,0.031596,0.032792,0.029605,0.001944,0.031674,0.992324,10640,10760,2.233191,2.229778,4.169279,0.092900,2618405,2618405,1414,76,707
st,small,pidigits,java,ok,0,5,5,11,0.231532,0.223504,0.234396,0.230183,0.004365,0.018963,0.223504,0.234396,0.217370,0.011889,0.230263,0.994519,51660,51688,16.198979,16.209996,20.242947,0.229600,2091,,1765,51,657
st,small,pidigits,csharp,ok,0,5,5,9,0.112388,0.112074,0.123981,0.114669,0.005208,0.045417,0.112074,0.123981,0.105584,0.005983,0.111878,0.995462,36080,36120,7.863150,7.875959,14.137931,0.848800,289682,98312,1467,57,592
st,small,pidigits,javascript,ok,0,5,5,10,0.150720,0.145519,0.151687,0.149073,0.003138,0.021049,0.145519,0.151687,0.136928,0.011974,0.149977,0.995070,66760,66896,10.545022,10.558043,26.159875,0.002600,0,,789,26,466
st,small,pidigits,python,ok,0,5,5,8,0.071149,0.070621,0.071528,0.071092,0.000330,0.004642,0.070621,0.071528,0.069398,0.001004,0.070916,0.996725,10636,10636,4.977891,4.992327,4.167712,0.002000,0,,868,35,436
st,small,pidigits,fortran,ok,0,5,5,3,0.014479,0.014436,0.014632,0.014520,0.000081,0.005593,0.014436,0.014632,0.014410,0.000000,0.014415,0.995580,3808,3924,1.013013,1.014784,1.492163,0.048300,21219,17720,3701,129,977
st,small,pidigits,pascal,ok,0,5,5,2,0.014431,0.014423,0.014491,0.014441,0.000028,0.001972,0.014423,0.014491,0.014352,0.000000,0.014353,0.994595,3024,3088,1.009655,1.010419,1.184953,0.052800,603328,590904,1510,74,676
st,small,regex-redux,resid,ok,0,5,5,5,0.241397,0.240995,0.242960,0.241671,0.000760,0.003143,0.240995,0.242960,0.229476,0.010980,0.240753,0.997332,37180,37544,1.456673,1.456505,1.761417,3.202900,575111,216668,1510,35,710
st,small,regex-redux,c,ok,0,5,5,2,0.165718,0.165216,0.167519,0.166005,0.000897,0.005406,0.165216,0.167519,0.160699,0.004986,0.165295,0.997447,21108,21228,1.000000,1.000000,1.000000,0.052800,17192,17192,4052,128,1402
st,small,regex-redux,cpp,ok,0,5,5,11,2.004526,1.997398,2.019783,2.006750,0.008345,0.004158,1.997398,2.019783,1.990398,0.009974,2.000376,0.997930,30388,30596,12.096006,12.101854,1.439644,2.188000,173352,173352,1656,48,717
st,small,regex-redux,rust,ok,0,5,5,1,0.061534,0.061087,0.072617,0.063720,0.004996,0.078405,0.061087,0.072617,0.055977,0.004986,0.061011,0.991501,25452,25932,0.371318,0.369104,1.205799,3.325800,40247353,2832816,1422,45,660
st,small,regex-redux,go,ok,0,5,5,10,1.732808,1.722149,1.752596,1.734792,0.011032,0.006359,1.722149,1.752596,1.721824,0.007975,1.728804,0.997689,36580,38712,10.456366,10.458901,1.732992,0.094000,2877573,2877573,1206,52,635
st,small,regex-redux,java,ok,0,5,5,8,0.927496,0.916962,0.930344,0.925297,0.005208,0.005628,0.916962,0.930344,0.899658,0.026838,0.924401,0.996663,149552,149644,5.596833,5.592432,7.085086,0.240100,2238,,1774,48,702
st,small,regex-redux,csharp,ok,0,5,5,6,0.258801,0.257599,0.305335,0.267961,0.020905,0.078013,0.257599,0.305335,0.242771,0.014846,0.257530,0.995089,106000,106096,1.561695,1.558002,5.021793,0.842400,290947,98312,1916,55,784
st,small,regex-redux,javascript,ok,0,5,5,4,0.171147,0.169834,0.172517,0.171135,0.001194,0.006975,0.169834,0.172517,0.140344,0.030915,0.170129,0.994052,166960,167004,1.032760,1.029245,7.909797,0.003200,0,,1038,38,537
st,small,regex-redux,python,ok,0,5,5,7,0.631913,0.627505,0.648025,0.635098,0.008126,0.012794,0.627505,0.648025,0.613289,0.016958,0.630247,0.997364,53004,53008,3.813183,3.812862,2.511086,0.001600,0,,1105,42,521
st,small,regex-redux,fortran,ok,0,5,5,3,0.169596,0.169326,0.169919,0.169628,0.000237,0.001399,0.169326,0.169919,0.165218,0.004000,0.169218,0.997771,22712,25120,1.023401,1.023733,1.075990,0.071500,21622,17856,6599,179,1822
st,small,regex-redux,pascal,ok,0,5,5,9,1.237410,1.234128,1.241946,1.237238,0.003163,0.002557,1.234128,1.241946,1.088951,0.145561,1.234512,0.997658,26632,26676,7.466962,7.468538,1.261702,0.060500,923848,905936,1942,78,863
best,official,nbody,resid,ok,0,5,5,4,1.079044,1.074533,1.081964,1.078776,0.002992,0.002773,1.074533,1.081964,1.075160,0.000998,1.076993,0.998099,672,700,1.073263,1.072865,0.366812,2.303800,93695,43877,12670,324,3619
best,official,nbody,c,ok,0,5,5,3,1.005386,1.004076,1.009069,1.005871,0.001914,0.001902,1.004076,1.009069,1.002864,0.000985,1.003848,0.998470,1832,1832,1.000000,1.000000,1.000000,0.168200,16128,16128,6205,209,1889
best,official,nbody,cpp,ok,0,5,5,1,0.964821,0.963041,0.971647,0.966185,0.003378,0.003497,0.963041,0.971647,0.961431,0.000999,0.963007,0.998120,4284,4324,0.959652,0.959316,2.338428,0.291500,16088,16088,7727,236,2220
best,official,nbody,rust,ok,0,5,5,2,0.992543,0.991763,0.996142,0.993030,0.001791,0.001804,0.991763,0.996142,0.989479,0.000997,0.990222,0.997662,2364,2380,0.987226,0.986426,1.290393,0.107300,4539400,4539400,7772,242,2161
best,official,nbody,go,ok,0,5,5,7,1.821873,1.819365,1.828224,1.822258,0.003568,0.001958,1.819365,1.828224,1.818023,0.001957,1.819875,0.998903,5740,5820,1.812113,1.812899,3.133188,0.083800,2526722,2526722,4115,163,1389
best,official,nbody,java,ok,0,5,5,9,1.969312,1.965214,1.980280,1.970764,0.005645,0.002864,1.965214,1.980280,1.969862,0.014717,1.984689,1.007808,48132,48156,1.958762,1.977081,26.272926,0.235400,4019,,5041,181,1630
best,official,nbody,csharp,ok,0,5,5,5,1.521589,1.520588,1.521979,1.521394,0.000600,0.000395,1.520588,1.521979,1.513434,0.006844,1.520278,0.999138,28712,28740,1.513438,1.514450,15.672489,1.044900,260207,78256,9346,217,2652
best,official,nbody,javascript,ok,0,5,5,10,2.068775,2.044043,2.105072,2.068150,0.025509,0.012334,2.044043,2.105072,2.056546,0.011937,2.069301,1.000254,62592,62640,2.057692,2.061369,34.165939,0.002000,0,,4282,166,1358
best,official,nbody,python,ok,0,3,3,11,145.159143,143.456080,147.037673,145.217632,1.791513,0.012337,143.456080,147.037673,144.895866,0.034878,144.920155,0.998354,11144,11148,144.381504,144.364640,6.082969,0.001400,0,,3502,117,1403
best,official,nbody,fortran,ok,0,5,5,6,1.721049,1.718513,1.731410,1.722857,0.005025,0.002917,1.718513,1.731410,1.717887,0.000973,1.718118,0.998297,3236,3320,1.711829,1.711532,1.766376,0.069800,16688,16688,4643,151,1538
best,official,nbody,pascal,ok,0,5,5,8,1.908684,1.905533,1.911964,1.908491,0.002352,0.001232,1.905533,1.911964,1.903508,0.001804,1.904340,0.997724,692,696,1.898459,1.897040,0.377729,0.040200,109864,100304,3784,154,1525
best,official,fannkuch-redux,resid,ok,0,5,5,2,0.962879,0.952675,0.966016,0.960511,0.005343,0.005562,0.952675,0.966016,14.967192,0.008969,14.988207,15.566034,3384,5336,0.456321,1.795703,1.726531,2.403500,76472,33815,6634,174,2418
best,official,fannkuch-redux,c,ok,0,5,5,5,2.110093,2.106069,2.114538,2.110155,0.003002,0.001423,2.106069,2.114538,8.344914,0.000995,8.346706,3.955610,1960,2088,1.000000,1.000000,1.000000,0.074600,16368,16368,5088,156,1905
best,official,fannkuch-redux,cpp,ok,0,5,5,3,1.255632,1.241306,1.265862,1.252633,0.010819,0.008637,1.241306,1.265862,13.415345,0.002992,13.420102,10.687926,4652,4664,0.595060,1.607832,2.373469,0.454200,21120,21120,7697,198,1947
best,official,fannkuch-redux,rust,ok,0,5,5,1,0.948974,0.915349,0.962707,0.942503,0.021607,0.022925,0.915349,0.962707,14.286045,0.004860,14.290905,15.059322,2684,2748,0.449731,1.712161,1.369388,1.846700,19394819,601408,6030,161,1555
best,official,fannkuch-redux,go,ok,0,5,5,10,4.923350,4.913485,4.934023,4.924109,0.009368,0.001902,4.913485,4.934023,19.588156,0.002437,19.590154,3.979029,5884,5900,2.333238,2.347052,3.002041,0.088800,2619238,2619238,3783,172,1447
best,official,fannkuch-redux,java,ok,0,5,5,6,2.396126,2.356066,2.504753,2.414204,0.055344,0.022924,2.356066,2.504753,36.000265,0.019812,36.022980,15.033842,53432,53468,1.135555,4.315832,27.261224,0.241900,3946,,4497,184,1473
best,official,fannkuch-redux,csharp,ok,0,5,5,4,1.708496,1.702194,1.709270,1.706516,0.003205,0.001878,1.702194,1.709270,6.722771,0.007966,6.744194,3.947445,29708,30000,0.809678,0.808007,15.157143,0.901300,256888,78256,6800,174,1851
best,official,fannkuch-redux,javascript,ok,0,5,5,7,2.427429,2.409208,2.440794,2.426234,0.013536,0.005579,2.409208,2.440794,37.332027,0.145367,37.482964,15.441425,297328,298352,1.150390,4.490749,151.697959,0.002400,0,,5716,219,1533
best,official,fannkuch-redux,python,ok,0,3,3,11,62.643887,62.145786,62.825205,62.538293,0.351803,0.005625,62.145786,62.825205,884.069785,0.147820,884.227275,14.115141,18624,18684,29.687737,105.937273,9.502041,0.001600,0,,3388,109,1197
best,official,fannkuch-redux,fortran,ok,0,5,5,8,2.582648,2.581912,2.659972,2.610828,0.039231,0.015026,2.581912,2.659972,40.300398,0.011367,40.319872,15.611834,10700,10764,1.223950,4.830633,5.459184,0.126900,21896,21896,4049,164,1524
best,official,fannkuch-redux,pascal,ok,0,5,5,9,3.809803,3.745640,3.838521,3.803152,0.034668,0.009116,3.745640,3.838521,39.173178,0.004744,39.179125,10.283767,2476,2544,1.805514,4.693963,1.263265,0.050000,125504,113696,4125,202,1412
best,official,spectral-norm,resid,ok,0,5,5,1,0.054628,0.052674,0.057074,0.054902,0.001658,0.030207,0.052674,0.057074,0.624272,0.006093,0.637475,11.669382,14464,16132,0.633390,0.466981,6.245250,2.429300,110077,64035,7407,177,2275
best,official,spectral-norm,c,ok,0,5,5,4,0.086247,0.085819,0.114415,0.091906,0.012592,0.137005,0.085819,0.114415,1.363086,0.001001,1.365097,15.827762,2316,2360,1.000000,1.000000,1.000000,0.184500,16368,16368,5920,197,1689
best,official,spectral-norm,cpp,ok,0,5,5,5,0.092094,0.090822,0.125020,0.102553,0.015857,0.154624,0.090822,0.125020,1.446200,0.000000,1.446200,15.703520,4692,4768,1.067794,1.059412,2.025907,0.200300,21040,21040,3631,137,1417
best,official,spectral-norm,rust,ok,0,5,5,2,0.076635,0.076375,0.076862,0.076654,0.000199,0.002591,0.076375,0.076862,1.173167,0.006926,1.184875,15.461277,2764,2912,0.888553,0.867979,1.193437,1.820900,19469268,627128,4305,139,1634
best,official,spectral-norm,go,ok,0,5,5,7,0.261497,0.256792,0.277236,0.263884,0.008513,0.032261,0.256792,0.277236,1.002807,0.002805,1.003800,3.838667,7804,7912,3.031955,0.735332,3.369603,0.087400,2531022,2531022,1741,94,716
best,official,spectral-norm,java,ok,0,5,5,9,0.279526,0.269252,0.304949,0.283764,0.013589,0.047887,0.269252,0.304949,3.383979,0.032100,3.416079,12.220971,50008,50164,3.240994,2.502444,21.592401,0.237200,2542,,2635,87,875
best,official,spectral-norm,csharp,ok,0,5,5,8,0.273107,0.254904,0.299631,0.276089,0.016162,0.058541,0.254904,0.299631,3.725161,0.030121,3.755282,13.750222,31800,31888,3.166568,2.750927,13.730570,0.859500,252760,78256,3053,100,876
best,official,spectral-norm,javascript,ok,0,5,5,10,0.327249,0.322444,0.336156,0.327716,0.005170,0.015776,0.322444,0.336156,3.369024,0.141779,3.516633,10.746047,329632,331560,3.794323,2.576105,142.328152,0.001900,0,,3643,139,1163
best,official,spectral-norm,python,ok,0,5,5,11,32.860954,31.666034,35.613081,33.402205,1.702527,0.050970,31.666034,35.613081,128.293497,0.047902,128.574211,3.912674,19584,19808,381.009821,94.186868,8.455959,0.001800,0,,1432,69,723
best,official,spectral-norm,fortran,ok,0,5,5,3,0.086155,0.085579,0.137323,0.098937,0.022283,0.225223,0.085579,0.137323,1.361356,0.000000,1.361356,15.801242,3684,3688,0.998933,0.997260,1.590674,0.140200,25592,25592,2523,125,949
best,official,spectral-norm,pascal,ok,0,5,5,6,0.174898,0.170370,0.177617,0.174277,0.002637,0.015132,0.170370,0.177617,2.697666,0.002934,2.705537,15.469228,2912,2952,2.027873,1.981938,1.257340,0.066700,312308,265296,5726,265,2019
best,official,mandelbrot,resid,ok,0,5,5,3,0.194991,0.187372,0.208580,0.198137,0.009125,0.046052,0.187372,0.208580,1.641936,0.200328,1.830401,9.387105,530040,531716,0.799897,0.514258,15.631709,2.396500,88831,43809,5770,131,2180
best,official,mandelbrot,c,ok,0,5,5,4,0.243770,0.240989,0.254650,0.245412,0.005433,0.022138,0.240989,0.254650,3.533680,0.025925,3.559306,14.601083,33908,33952,1.000000,1.000000,1.000000,0.120600,20752,20752,4716,203,1659
best,official,mandelbrot,cpp,ok,0,5,5,1,0.173509,0.170115,0.174767,0.173116,0.001859,0.010736,0.170115,0.174767,2.366953,0.027812,2.389052,13.769038,35840,35904,0.711773,0.671213,1.056978,0.259700,16656,16656,7985,208,2565
best,official,mandelbrot,rust,ok,0,5,5,2,0.186071,0.184745,0.188566,0.186358,0.001392,0.007472,0.184745,0.188566,2.774319,0.021735,2.797367,15.033869,34172,34240,0.763306,0.785930,1.007786,1.800100,19366047,592760,4515,182,1441
best,official,mandelbrot,go,ok,0,5,5,6,0.579155,0.575994,0.585229,0.579848,0.003629,0.006258,0.575994,0.585229,8.932398,0.030797,8.960588,15.471831,49900,51972,2.375826,2.517510,1.471629,0.091800,2547270,2547270,3687,160,1571
best,official,mandelbrot,java,ok,0,5,5,9,0.774723,0.769335,0.791003,0.777796,0.008504,0.010933,0.769335,0.791003,11.787476,0.025763,11.809417,15.243406,99760,101900,3.178090,3.317899,2.942079,0.231900,3170,,2299,80,1049
best,official,mandelbrot,csharp,ok,0,5,5,5,0.351559,0.293419,0.352288,0.339765,0.025923,0.076298,0.293419,0.352288,4.959856,0.027931,4.987455,14.186680,66952,67044,1.442175,1.401244,1.974519,0.909400,255687,78256,2785,93,1155
best,official,mandelbrot,javascript,ok,0,5,5,8,0.766663,0.759241,0.809345,0.780821,0.023733,0.030395,0.759241,0.809345,10.945559,0.277507,11.183928,14.587802,352580,355312,3.145026,3.142165,10.398136,0.002300,0,,4209,143,1286
best,official,mandelbrot,python,ok,0,5,5,11,51.177460,50.680999,51.921135,51.237525,0.500167,0.009762,50.680999,51.921135,810.469017,0.887187,811.338225,15.853429,18680,18860,209.941584,227.948433,0.550902,0.001800,0,,2235,79,1034
best,official,mandelbrot,fortran,ok,0,5,5,7,0.598870,0.574389,0.604052,0.591630,0.013354,0.022571,0.574389,0.604052,2.970876,0.013001,2.984946,4.984297,34768,34884,2.456701,0.838631,1.025363,0.080300,17280,17280,2595,101,1045
best,official,mandelbrot,pascal,ok,0,5,5,10,0.848553,0.764557,0.878666,0.826421,0.054540,0.065995,0.764557,0.878666,11.905093,0.136322,12.041415,14.190528,33744,33808,3.480957,3.383079,0.995163,0.067400,303484,261136,6975,283,2452
best,official,binary-trees,resid,ok,0,5,5,5,0.459856,0.454860,0.482205,0.466496,0.012058,0.025848,0.454860,0.482205,2.744574,0.164365,2.927002,6.365040,677120,681156,0.174502,0.170652,1.926526,2.323300,61387,33495,2173,58,945
best,official,binary-trees,c,ok,0,5,5,9,2.635246,2.523955,2.749254,2.634241,0.085069,0.032294,2.523955,2.749254,17.072088,0.095758,17.151839,6.508629,351472,351536,1.000000,1.000000,1.000000,0.110800,24736,24736,2926,147,1055
best,official,binary-trees,cpp,ok,0,5,5,3,0.312571,0.307159,0.313626,0.310884,0.003114,0.010015,0.307159,0.313626,3.785134,0.313903,4.106331,13.137274,596928,605708,0.118612,0.239411,1.698366,0.323700,27912,27912,2846,114,1115
best,official,binary-trees,rust,ok,0,5,5,1,0.249421,0.210062,0.264097,0.243771,0.022041,0.090417,0.210062,0.264097,3.010373,0.214582,3.224955,12.929765,522848,576424,0.094648,0.188024,1.487595,1.954500,20145294,622696,2444,93,958
best,official,binary-trees,go,ok,0,5,5,7,2.011674,1.919916,2.044416,1.997687,0.046807,0.023431,1.919916,2.044416,24.220604,0.368259,24.588863,12.223085,595948,606428,0.763372,1.433599,1.695577,0.090600,2541483,2541483,4488,157,1885
best,official,binary-trees,java,ok,0,5,5,6,0.959041,0.840932,0.987046,0.921045,0.071432,0.077556,0.840932,0.987046,4.995397,1.596562,6.650917,6.934966,5556612,6506376,0.363928,0.387767,15.809544,0.246300,3645,,2827,95,1007
best,official,binary-trees,csharp,ok,0,5,5,10,2.837320,2.619923,2.991540,2.834535,0.145175,0.051217,2.619923,2.991540,13.522989,0.984533,14.610096,5.149259,1096128,1203196,1.076681,0.851809,3.118678,0.883100,255120,78256,2444,83,869
best,official,binary-trees,javascript,ok,0,5,5,8,2.379813,2.319983,2.473934,2.389818,0.059911,0.025069,2.319983,2.473934,10.156220,0.437071,10.628320,4.466032,1194972,1199140,0.903071,0.619661,3.399907,0.002300,0,,2284,88,868
best,official,binary-trees,python,ok,0,5,5,11,8.491557,8.410829,9.066527,8.598225,0.266829,0.031033,8.410829,9.066527,93.872032,2.550698,96.447283,11.358021,281348,281592,3.222301,5.623145,0.800485,0.001900,0,,1531,60,699
best,official,binary-trees,fortran,ok,0,5,5,2,0.282611,0.264734,0.292049,0.279464,0.010747,0.038454,0.264734,0.292049,1.555094,0.052912,1.610558,5.698851,134932,135024,0.107243,0.093900,0.383905,0.240200,44386,34944,5907,265,2023
best,official,binary-trees,pascal,ok,0,5,5,4,0.347951,0.297805,0.373385,0.343966,0.029132,0.084695,0.297805,0.373385,1.627284,0.082005,1.713080,4.923337,133096,133116,0.132037,0.099877,0.378682,0.067800,323974,265264,8573,320,2910
best,official,fasta,resid,ok,0,5,5,1,0.147907,0.147593,0.191560,0.164736,0.023316,0.141532,0.147593,0.191560,0.892110,0.198663,1.043319,7.053885,254340,256496,0.280035,1.978561,138.831878,2.405200,89144,44181,7050,175,2410
best,official,fasta,c,ok,0,5,5,3,0.528173,0.523948,0.532794,0.527477,0.003611,0.006846,0.523948,0.532794,0.478507,0.048922,0.527312,0.998370,1832,1960,1.000000,1.000000,1.000000,0.060600,16456,16456,6628,225,2717
best,official,fasta,cpp,ok,0,5,5,5,0.572430,0.567923,0.588234,0.574918,0.008280,0.014402,0.567923,0.588234,2.267324,0.063021,2.330345,4.070969,5436,5484,1.083793,4.419291,2.967249,0.436800,42072,42072,10769,292,3016
best,official,fasta,rust,ok,0,5,5,2,0.498490,0.496795,0.500310,0.498534,0.001619,0.003247,0.496795,0.500310,0.928064,0.056823,0.984003,1.973967,3064,3096,0.943801,1.866074,1.672489,1.028500,12905820,525768,8765,319,2741
best,official,fasta,go,ok,0,5,5,6,0.594954,0.591181,0.607266,0.598250,0.007410,0.012386,0.591181,0.607266,2.155385,0.082135,2.236730,3.759501,18520,18596,1.126438,4.241758,10.109170,0.092500,2544035,2544035,5131,214,2038
best,official,fasta,java,ok,0,5,5,8,0.727458,0.713132,0.749158,0.728428,0.013421,0.018425,0.713132,0.749158,2.578452,0.083758,2.668726,3.668564,57952,58028,1.377310,5.061000,31.633188,0.279600,11086,,13654,394,3125
best,official,fasta,csharp,ok,0,5,5,4,0.558183,0.554381,0.561926,0.558266,0.002712,0.004858,0.554381,0.561926,0.506522,0.060642,0.567326,1.016380,30012,30056,1.056819,1.075883,16.382096,0.867500,261071,78256,5322,177,1633
best,official,fasta,javascript,ok,0,5,5,9,1.040016,1.010799,1.045080,1.033792,0.013731,0.013283,1.010799,1.045080,3.236187,0.107414,3.355638,3.226525,186868,188052,1.969082,6.363667,102.002183,0.002300,0,,7025,248,2254
best,official,fasta,python,ok,0,5,5,11,11.417166,11.377305,11.424344,11.403617,0.024046,0.002109,11.377305,11.424344,18.065271,4.936498,23.024662,2.016671,219224,219828,21.616338,43.664210,119.663755,0.001700,0,,6469,213,2122
best,official,fasta,fortran,ok,0,5,5,7,0.673593,0.663740,0.698708,0.676879,0.013325,0.019685,0.663740,0.698708,0.625493,0.047892,0.672032,0.997683,3060,3104,1.275326,1.274449,1.670306,0.073800,17653,17280,4531,176,1672
best,official,fasta,pascal,ok,0,5,5,10,2.381813,2.376573,2.398238,2.386631,0.010284,0.004309,2.376573,2.398238,2.310053,0.067860,2.377870,0.998345,684,696,4.509532,4.509418,0.373362,0.025600,48280,36368,3352,136,1303
best,official,k-nucleotide,resid,ok,0,5,5,6,1.310525,1.256595,1.356828,1.307912,0.041207,0.031506,1.256595,1.356828,6.042263,0.039667,6.080125,4.639457,273596,275512,1.287144,1.815029,2.094274,2.696400,145380,92741,6085,147,2065
best,official,k-nucleotide,c,ok,0,5,5,3,1.018165,1.011217,1.062334,1.030647,0.022571,0.021900,1.011217,1.062334,3.317906,0.031972,3.349878,3.290113,130640,130676,1.000000,1.000000,1.000000,0.207300,25096,25096,8910,248,2619
best,official,k-nucleotide,cpp,ok,0,5,5,2,0.585898,0.563178,0.601164,0.585662,0.014236,0.024308,0.563178,0.601164,1.697963,0.044858,1.743900,2.976457,156548,156748,0.575445,0.520586,1.198316,1.921500,192672,192672,7037,221,2564
best,official,k-nucleotide,rust,ok,0,5,5,1,0.515324,0.481645,1.275480,0.655747,0.346777,0.528828,0.481645,1.275480,2.121144,0.035857,2.162117,4.195646,135240,135608,0.506130,0.645432,1.035211,3.231400,54751245,757464,4993,190,1660
best,official,k-nucleotide,go,ok,0,5,5,5,1.071492,1.064448,1.077324,1.070618,0.005320,0.004969,1.064448,1.077324,13.285167,0.072399,13.343964,12.453629,178432,178596,1.052376,3.983418,1.365830,0.092800,2519258,2519258,8437,335,2290
best,official,k-nucleotide,java,ok,0,5,5,4,1.059929,1.027196,1.146493,1.073097,0.047071,0.043864,1.027196,1.146493,9.656876,0.066890,9.723766,9.173979,527748,531436,1.041019,2.902722,4.039712,2.975700,19019669,,6405,183,2034
best,official,k-nucleotide,csharp,ok,0,5,5,7,1.311166,1.297689,1.324582,1.311036,0.010528,0.008030,1.297689,1.324582,4.795773,0.046870,4.842643,3.693387,193304,193340,1.287774,1.445618,1.479669,0.943200,321908,78256,7596,214,2199
best,official,k-nucleotide,javascript,ok,0,5,5,9,6.257787,6.232298,6.301808,6.258900,0.026363,0.004212,6.232298,6.301808,19.454870,0.112760,19.558385,3.125448,458384,459472,6.146142,5.838537,3.508757,0.002700,0,,5650,233,1900
best,official,k-nucleotide,python,ok,0,5,5,11,11.093953,11.047814,11.115273,11.084270,0.027024,0.002438,11.047814,11.115273,159.005990,0.436135,159.428490,14.370756,261588,262148,10.896027,47.592327,2.002358,0.002000,0,,6724,189,2088
best,official,k-nucleotide,fortran,ok,0,5,5,8,2.974951,2.700331,3.001145,2.891220,0.136459,0.047198,2.700331,3.001145,3.658144,0.662974,4.321643,1.452677,5299108,5370736,2.921875,1.290090,40.562676,0.228700,28236,26520,7453,268,2391
best,official,k-nucleotide,pascal,ok,0,5,5,10,9.610145,9.392581,9.912527,9.660990,0.200016,0.020703,9.392581,9.912527,17.412683,1.460627,18.835749,1.959986,10912112,10912196,9.438691,5.622816,83.528108,0.448800,939384,456384,5558,236,2130
best,official,reverse-complement,resid,ok,0,5,5,6,0.219773,0.214718,0.224153,0.219111,0.003662,0.016714,0.214718,0.224153,0.962390,0.433522,1.391774,6.332780,999168,1021320,2.433621,11.643234,7.394671,2.461400,96890,52329,5129,135,1888
best,official,reverse-complement,c,ok,0,5,5,1,0.090307,0.088452,0.091077,0.090086,0.000994,0.011034,0.088452,0.091077,0.019538,0.100311,0.119535,1.323652,135120,135212,1.000000,1.000000,1.000000,0.195500,17368,17368,23725,520,7321
best,official,reverse-complement,cpp,ok,0,5,5,4,0.103800,0.100945,0.110549,0.104972,0.003937,0.037501,0.100945,0.110549,0.018903,0.083048,0.103359,0.995751,129120,130120,1.149413,0.864676,0.955595,0.361800,22752,22752,15116,404,4777
best,official,reverse-complement,rust,ok,0,5,5,2,0.094778,0.092827,0.096360,0.094578,0.001687,0.017840,0.092827,0.096360,0.110711,0.089598,0.199956,2.109730,127552,127556,1.049509,1.672782,0.943991,1.797200,22163310,583336,9952,331,3250
best,official,reverse-complement,go,ok,0,5,5,5,0.124764,0.123398,0.130958,0.125828,0.002976,0.023654,0.123398,0.130958,0.255498,0.111318,0.367757,2.947621,165896,165924,1.381554,3.076563,1.227768,0.080700,2131267,2131267,4493,173,1397
best,official,reverse-complement,java,ok,0,5,5,8,0.279178,0.276677,0.288651,0.280083,0.004949,0.017669,0.276677,0.288651,0.251553,0.109099,0.357397,1.280176,551164,551288,3.091433,2.989894,4.079070,0.242100,2385,,2348,85,924
best,official,reverse-complement,csharp,ok,0,5,5,3,0.100906,0.096609,0.105370,0.100597,0.003890,0.038672,0.096609,0.105370,0.073472,0.133075,0.211721,2.098200,159468,159676,1.117366,1.771205,1.180195,0.894900,264498,78256,13320,351,3565
best,official,reverse-complement,javascript,ok,0,5,5,11,1.925484,1.911048,1.936864,1.923909,0.009667,0.005024,1.911048,1.936864,1.898204,0.118152,2.015726,1.046867,236372,237700,21.321537,16.863061,1.749349,0.002300,0,,5616,223,1578
best,official,reverse-complement,python,ok,0,5,5,10,0.364411,0.356267,0.382336,0.368318,0.013120,0.035621,0.356267,0.382336,0.346324,0.170866,0.516907,1.418473,387896,388632,4.035246,4.324315,2.870752,0.001300,0,,14797,301,4705
best,official,reverse-complement,fortran,ok,0,5,5,7,0.255451,0.251910,0.262242,0.256853,0.004052,0.015775,0.251910,0.262242,0.164156,0.093864,0.254577,0.996579,250616,250620,2.828695,2.129728,1.854766,0.076900,17552,17552,3842,129,1351
best,official,reverse-complement,pascal,ok,0,5,5,9,0.329331,0.325693,0.332189,0.328832,0.002701,0.008215,0.325693,0.332189,0.250167,0.075600,0.328341,0.996994,132852,133628,3.646794,2.746819,0.983215,0.025100,42464,35536,2279,116,917
best,official,pidigits,resid,ok,0,5,5,9,0.459809,0.458325,0.467866,0.461011,0.003885,0.008427,0.458325,0.467866,0.457002,0.001002,0.458794,0.997793,2688,2816,1.249216,1.248840,0.896000,2.585600,100725,65204,0,0,0
best,official,pidigits,c,ok,0,5,5,1,0.368078,0.365580,0.371316,0.368199,0.002308,0.006269,0.365580,0.371316,0.365383,0.001993,0.367376,0.998093,3000,3064,1.000000,1.000000,1.000000,0.038000,16632,16632,1634,73,675
best,official,pidigits,cpp,ok,0,5,5,5,0.401352,0.400409,0.403979,0.401776,0.001468,0.003655,0.400409,0.403979,0.397981,0.001797,0.399976,0.996572,4948,5120,1.090399,1.088737,1.649333,0.259100,157800,157800,1511,69,671
best,official,pidigits,rust,ok,0,5,5,2,0.374216,0.371438,0.376850,0.374378,0.002107,0.005628,0.371438,0.376850,0.372463,0.000996,0.373464,0.997990,3188,3204,1.016676,1.016572,1.062667,1.760200,41565984,463920,2657,122,1032
best,official,pidigits,go,ok,0,5,5,6,0.418507,0.417473,0.422030,0.418904,0.001809,0.004319,0.417473,0.422030,0.417341,0.001990,0.419305,1.001907,8772,8908,1.137006,1.141351,2.924000,0.370600,2485392,2485392,2063,110,898
best,official,pidigits,java,ok,0,5,5,8,0.423694,0.420891,0.429360,0.424058,0.003304,0.007792,0.420891,0.429360,0.425701,0.014980,0.444589,1.049316,47516,47596,1.151098,1.210174,15.838667,0.255300,18603,,6963,164,2257
best,official,pidigits,csharp,ok,0,5,5,7,0.420377,0.418882,0.421082,0.420094,0.001031,0.002455,0.418882,0.421082,0.413601,0.007966,0.421086,1.001687,28956,28964,1.142087,1.146199,9.652000,0.857400,252943,78256,6468,178,1997
best,official,pidigits,javascript,ok,0,5,5,11,4.720858,4.645954,4.948799,4.764708,0.126827,0.026618,4.645954,4.948799,4.645684,0.122589,4.731416,1.002236,129760,129864,12.825700,12.878947,43.253333,0.002300,0,,1108,66,550
best,official,pidigits,python,ok,0,5,5,10,0.558275,0.553713,0.560996,0.557423,0.002984,0.005354,0.553713,0.560996,0.552171,0.004985,0.557345,0.998334,16320,16436,1.516730,1.517097,5.440000,0.001700,0,,2548,94,1012
best,official,pidigits,fortran,ok,0,5,5,3,0.398827,0.397762,0.403933,0.400029,0.002600,0.006499,0.397762,0.403933,0.398086,0.000989,0.398086,0.998142,3968,4204,1.083539,1.083593,1.322667,0.047700,21311,17896,4962,169,1263
best,official,pidigits,pascal,ok,0,5,5,4,0.400334,0.398216,0.406099,0.401268,0.003133,0.007808,0.398216,0.406099,0.397563,0.000995,0.399561,0.998069,2948,3072,1.087634,1.087608,0.982667,0.049100,115688,104712,1467,75,705
best,official,regex-redux,resid,ok,0,5,5,9,1.313268,1.301724,1.323861,1.314247,0.009099,0.006923,1.301724,1.323861,2.796636,0.045392,2.845473,2.166712,332128,332912,3.414607,1.377379,2.147361,3.694800,630221,256048,2358,41,835
best,official,regex-redux,c,ok,0,5,5,1,0.384603,0.371096,0.421259,0.391988,0.022832,0.058245,0.371096,0.421259,2.047874,0.018031,2.065861,5.371412,154668,155092,1.000000,1.000000,1.000000,0.058600,17824,17824,8322,219,2488
best,official,regex-redux,cpp,ok,0,5,5,4,0.401320,0.397158,0.420039,0.404729,0.008886,0.021954,0.397158,0.420039,1.876457,0.024976,1.898408,4.730410,277528,277624,1.043466,0.918943,1.794347,0.740600,91936,91936,14861,417,4240
best,official,regex-redux,rust,ok,0,5,5,3,0.398637,0.362202,0.408265,0.393597,0.018630,0.047334,0.362202,0.408265,1.816767,0.019956,1.829681,4.589842,148396,154580,1.036490,0.885675,0.959449,2.344400,49768766,671232,10522,358,2887
best,official,regex-redux,go,ok,0,5,5,8,0.913164,0.901699,0.919073,0.912350,0.006968,0.007638,0.901699,0.919073,2.457686,0.030905,2.485630,2.721997,311668,357152,2.374303,1.203193,2.015077,0.253800,2437048,2437048,2467,104,1056
best,official,regex-redux,java,ok,0,5,5,7,0.625111,0.608069,0.633649,0.620990,0.011579,0.018646,0.608069,0.633649,2.252347,0.044034,2.311724,3.698102,384244,392900,1.625341,1.119012,2.484315,0.335800,17030,,13611,306,3236
best,official,regex-redux,csharp,ok,0,5,5,5,0.515972,0.509829,0.562781,0.532630,0.026936,0.050572,0.509829,0.562781,1.982576,0.041093,2.025416,3.925438,396816,398072,1.341570,0.980422,2.565599,0.902800,268088,78256,6572,169,1994
best,official,regex-redux,javascript,ok,0,5,5,10,1.631088,1.622864,1.635270,1.629533,0.005544,0.003402,1.622864,1.635270,1.585475,0.229224,1.818850,1.115115,1237596,1238480,4.240965,0.880432,8.001629,0.001900,0,,2029,72,892
best,official,regex-redux,python,ok,0,5,5,6,0.571927,0.540884,0.592824,0.571732,0.019476,0.034064,0.540884,0.592824,2.030656,0.089314,2.125036,3.715572,170320,170428,1.487058,1.028644,1.101197,0.001500,0,,10516,272,3595
best,official,regex-redux,fortran,ok,0,5,5,2,0.396626,0.386487,0.432328,0.400848,0.018133,0.045237,0.386487,0.432328,2.056386,0.020870,2.080781,5.246204,172392,172428,1.031261,1.007222,1.114594,0.152500,36256,31872,14615,373,3228
best,official,regex-redux,pascal,ok,0,5,5,11,2.278639,2.269202,2.285354,2.277054,0.006561,0.002881,2.269202,2.285354,2.203408,0.067856,2.274344,0.998115,103292,103340,5.924652,1.100918,0.667830,0.043900,118992,104824,5018,213,1659
best,small,nbody,resid,ok,0,5,5,4,0.109756,0.108604,0.112558,0.110235,0.001574,0.014278,0.108604,0.112558,0.109365,0.000000,0.109365,0.996438,692,696,1.035668,1.036164,0.377729,2.303800,93695,43877,12670,324,3619
best,small,nbody,c,ok,0,5,5,2,0.105976,0.102947,0.106465,0.105160,0.001526,0.014511,0.102947,0.106465,0.105548,0.000000,0.105548,0.995961,1832,1896,1.000000,1.000000,1.000000,0.168200,16128,16128,6205,209,1889
best,small,nbody,cpp,ok,0,5,5,1,0.098455,0.098091,0.101695,0.099341,0.001621,0.016320,0.098091,0.101695,0.098143,0.000000,0.098143,0.996831,4272,4324,0.929031,0.929842,2.331878,0.291500,16088,16088,7727,236,2220
best,small,nbody,rust,ok,0,5,5,3,0.106247,0.101403,0.108690,0.105203,0.002945,0.027994,0.101403,0.108690,0.105286,0.000987,0.105987,0.997553,2380,2380,1.002557,1.004159,1.299127,0.107300,4539400,4539400,7772,242,2161
best,small,nbody,go,ok,0,5,5,7,0.185747,0.184385,0.189238,0.186120,0.001875,0.010074,0.184385,0.189238,0.184620,0.000997,0.185617,0.999300,5740,5812,1.752727,1.758603,3.133188,0.083800,2526722,2526722,4115,163,1389
best,small,nbody,java,ok,0,5,5,9,0.223093,0.221743,0.223972,0.222825,0.000917,0.004114,0.221743,0.223972,0.229254,0.013771,0.242578,1.087340,48128,48260,2.105128,2.298272,26.270742,0.235400,4019,,5041,181,1630
best,small,nbody,csharp,ok,0,5,5,5,0.173501,0.172461,0.177950,0.174213,0.002184,0.012538,0.172461,0.177950,0.166241,0.007026,0.173873,1.002144,28680,28684,1.637173,1.647336,15.655022,1.044900,260207,78256,9346,217,2652
best,small,nbody,javascript,ok,0,5,5,10,0.229230,0.223287,0.232641,0.229104,0.003842,0.016768,0.223287,0.232641,0.224728,0.009788,0.234516,1.023060,62592,62736,2.163037,2.221890,34.165939,0.002000,0,,4282,166,1358
best,small,nbody,python,ok,0,5,5,11,14.446436,14.221943,14.644039,14.441187,0.183443,0.012703,14.221943,14.644039,14.420387,0.003709,14.424096,0.998454,11148,11156,136.317997,136.659112,6.085153,0.001400,0,,3502,117,1403
best,small,nbody,fortran,ok,0,5,5,6,0.174203,0.173780,0.177204,0.174829,0.001416,0.008099,0.173780,0.177204,0.173534,0.000000,0.173767,0.997497,3240,3268,1.643797,1.646332,1.768559,0.069800,16688,16688,4643,151,1538
best,small,nbody,pascal,ok,0,5,5,8,0.195085,0.191250,0.196732,0.194142,0.002212,0.011395,0.191250,0.196732,0.193705,0.000994,0.194693,0.997991,668,700,1.840841,1.844592,0.364629,0.040200,109864,100304,3784,154,1525
best,small,fannkuch-redux,resid,ok,0,5,5,2,0.007690,0.007134,0.008788,0.007871,0.000614,0.077986,0.007134,0.008788,0.095387,0.003253,0.098192,12.768791,2852,4848,0.458229,1.548013,1.365900,2.403500,76472,33815,6634,174,2418
best,small,fannkuch-redux,c,ok,0,5,5,4,0.016782,0.015142,0.018546,0.016913,0.001299,0.076810,0.015142,0.018546,0.063431,0.000000,0.063431,3.779704,2088,2088,1.000000,1.000000,1.000000,0.074600,16368,16368,5088,156,1905
best,small,fannkuch-redux,cpp,ok,0,5,5,3,0.010080,0.009824,0.010565,0.010153,0.000286,0.028145,0.009824,0.010565,0.138652,0.000965,0.138652,13.755159,4692,4700,0.600644,2.185871,2.247126,0.454200,21120,21120,7697,198,1947
best,small,fannkuch-redux,rust,ok,0,5,5,1,0.007031,0.006707,0.056019,0.016772,0.021940,1.308176,0.006707,0.056019,0.089623,0.000000,0.090553,12.879107,2620,2664,0.418961,1.427583,1.254789,1.846700,19394819,601408,6030,161,1555
best,small,fannkuch-redux,go,ok,0,5,5,8,0.051285,0.050753,0.052226,0.051381,0.000539,0.010488,0.050753,0.052226,0.121522,0.001058,0.122564,2.389861,5896,5936,3.055953,1.932241,2.823755,0.088800,2619238,2619238,3783,172,1447
best,small,fannkuch-redux,java,ok,0,5,5,10,0.109872,0.082735,0.113302,0.103874,0.012549,0.120813,0.082735,0.113302,1.435044,0.010966,1.445028,13.151922,53292,53516,6.547015,22.781101,25.522989,0.241900,3946,,4497,184,1473
best,small,fannkuch-redux,csharp,ok,0,5,5,7,0.028133,0.026831,0.038583,0.030432,0.004763,0.156504,0.026831,0.038583,0.063950,0.004146,0.068169,2.423097,27608,27824,1.676379,1.074695,13.222222,0.901300,256888,78256,6800,174,1851
best,small,fannkuch-redux,javascript,ok,0,5,5,9,0.109739,0.104147,0.113125,0.108814,0.004183,0.038444,0.104147,0.113125,0.905033,0.119246,1.024279,9.333774,294976,297300,6.539090,16.147925,141.272031,0.002400,0,,5716,219,1533
best,small,fannkuch-redux,python,ok,0,5,5,11,0.403947,0.395358,0.411949,0.403942,0.006034,0.014937,0.395358,0.411949,4.917370,0.036618,4.953988,12.263955,18692,18892,24.070254,78.100424,8.952107,0.001600,0,,3388,109,1197
best,small,fannkuch-redux,fortran,ok,0,5,5,5,0.025716,0.025280,0.027595,0.026171,0.001030,0.039371,0.025280,0.027595,0.220803,0.000935,0.221738,8.622570,3752,3796,1.532356,3.495736,1.796935,0.126900,21896,21896,4049,164,1524
best,small,fannkuch-redux,pascal,ok,0,5,5,6,0.027182,0.026406,0.027842,0.027112,0.000557,0.020548,0.026406,0.027842,0.213345,0.000994,0.214640,7.896402,2612,2640,1.619712,3.383834,1.250958,0.050000,125504,113696,4125,202,1412
best,small,spectral-norm,resid,ok,0,5,5,4,0.004029,0.003661,0.004392,0.003993,0.000292,0.073195,0.003661,0.004392,0.028229,0.003299,0.031905,7.918838,1920,2048,1.152460,0.650777,0.821918,2.429300,110077,64035,7407,177,2275
best,small,spectral-norm,c,ok,0,5,5,1,0.003496,0.003356,0.003637,0.003495,0.000100,0.028592,0.003356,0.003637,0.048383,0.000000,0.049026,14.023455,2336,2368,1.000000,1.000000,1.000000,0.184500,16368,16368,5920,197,1689
best,small,spectral-norm,cpp,ok,0,5,5,5,0.004268,0.003944,0.006056,0.004531,0.000876,0.193445,0.003944,0.006056,0.052968,0.000000,0.053796,12.604499,4700,4752,1.220824,1.097295,2.011986,0.200300,21040,21040,3631,137,1417
best,small,spectral-norm,rust,ok,0,5,5,3,0.003627,0.003558,0.015006,0.005888,0.005097,0.865645,0.003558,0.015006,0.040842,0.004636,0.045478,12.538737,2588,2812,1.037471,0.927630,1.107877,1.820900,19469268,627128,4305,139,1634
best,small,spectral-norm,go,ok,0,5,5,7,0.012868,0.011552,0.013809,0.012800,0.000821,0.064115,0.011552,0.013809,0.037426,0.000919,0.037642,2.925241,5868,5940,3.680778,0.767797,2.511986,0.087400,2531022,2531022,1741,94,716
best,small,spectral-norm,java,ok,0,5,5,9,0.100849,0.073074,0.107654,0.096523,0.013532,0.140195,0.073074,0.107654,0.981229,0.024966,1.006195,9.977243,48696,50056,28.846968,20.523702,20.845890,0.237200,2542,,2635,87,875
best,small,spectral-norm,csharp,ok,0,5,5,8,0.052968,0.052059,0.064362,0.055186,0.005181,0.093878,0.052059,0.064362,0.404576,0.015526,0.419419,7.918347,29000,29224,15.151030,8.555032,12.414384,0.859500,252760,78256,3053,100,876
best,small,spectral-norm,javascript,ok,0,5,5,10,0.106328,0.103180,0.113810,0.107281,0.004075,0.037989,0.103180,0.113810,0.647317,0.127014,0.768680,7.229328,319236,321008,30.414188,15.679027,136.659247,0.001900,0,,3643,139,1163
best,small,spectral-norm,python,ok,0,5,5,11,1.093337,1.078364,1.097405,1.090789,0.007433,0.006814,1.078364,1.097405,4.079761,0.022843,4.106660,3.756079,18624,18768,312.739416,83.764941,7.972603,0.001800,0,,1432,69,723
best,small,spectral-norm,fortran,ok,0,5,5,2,0.003561,0.003269,0.004248,0.003749,0.000454,0.121129,0.003269,0.004248,0.045786,0.000000,0.046136,12.955911,3768,3820,1.018593,0.941052,1.613014,0.140200,25592,25592,2523,125,949
best,small,spectral-norm,pascal,ok,0,5,5,6,0.006348,0.006173,0.006448,0.006342,0.000107,0.016876,0.006173,0.006448,0.079204,0.003659,0.082874,13.055135,2808,2824,1.815789,1.690409,1.202055,0.066700,312308,265296,5726,265,2019
best,small,mandelbrot,resid,ok,0,5,5,1,0.011373,0.010860,0.011808,0.011393,0.000380,0.033361,0.010860,0.011808,0.103203,0.012501,0.114704,10.085641,37192,38668,0.706178,0.470316,10.977568,2.396500,88831,43809,5770,131,2180
best,small,mandelbrot,c,ok,0,5,5,4,0.016105,0.015186,0.016382,0.015898,0.000465,0.029218,0.015186,0.016382,0.241968,0.002015,0.243887,15.143558,3388,3464,1.000000,1.000000,1.000000,0.120600,20752,20752,4716,203,1659
best,small,mandelbrot,cpp,ok,0,5,5,2,0.012207,0.011774,0.015934,0.012847,0.001741,0.135496,0.011774,0.015934,0.173880,0.002904,0.174874,14.325715,5540,5684,0.757963,0.717029,1.635183,0.259700,16656,16656,7985,208,2565
best,small,mandelbrot,rust,ok,0,5,5,3,0.012549,0.012497,0.013310,0.012780,0.000372,0.029132,0.012497,0.013310,0.174894,0.002025,0.176919,14.098255,3896,4408,0.779199,0.725414,1.149941,1.800100,19366047,592760,4515,182,1441
best,small,mandelbrot,go,ok,0,5,5,5,0.039281,0.038307,0.040185,0.039240,0.000772,0.019669,0.038307,0.040185,0.567377,0.003947,0.574512,14.625697,20432,20456,2.439056,2.355648,6.030697,0.091800,2547270,2547270,3687,160,1571
best,small,mandelbrot,java,ok,0,5,5,8,0.085160,0.083492,0.090893,0.085738,0.002984,0.034809,0.083492,0.090893,1.039507,0.014895,1.062794,12.479967,48472,48568,5.287799,4.357731,14.306966,0.231900,3170,,2299,80,1049
best,small,mandelbrot,csharp,ok,0,5,5,9,0.085929,0.085336,0.096963,0.088675,0.004893,0.055174,0.085336,0.096963,0.935674,0.012485,0.947413,11.025533,30444,30716,5.335548,3.884639,8.985832,0.909400,255687,78256,2785,93,1155
best,small,mandelbrot,javascript,ok,0,5,5,10,0.136762,0.130785,0.139046,0.135157,0.003828,0.028326,0.130785,0.139046,1.307383,0.133857,1.445697,10.570897,326956,330564,8.491897,5.927733,96.504132,0.002300,0,,4209,143,1286
best,small,mandelbrot,python,ok,0,5,5,11,2.908474,2.890578,2.995225,2.923041,0.041363,0.014151,2.890578,2.995225,45.170469,0.212214,45.382683,15.603606,18644,18852,180.594474,186.080779,5.502952,0.001800,0,,2235,79,1034
best,small,mandelbrot,fortran,ok,0,5,5,6,0.042601,0.040206,0.046654,0.042748,0.002635,0.061634,0.040206,0.046654,0.280222,0.002940,0.283223,6.648271,5612,5724,2.645203,1.161288,1.656434,0.080300,17280,17280,2595,101,1045
best,small,mandelbrot,pascal,ok,0,5,5,7,0.045811,0.045095,0.048320,0.046319,0.001240,0.026779,0.045095,0.048320,0.687437,0.005041,0.691543,15.095567,3604,3732,2.844520,2.835506,1.063754,0.067400,303484,261136,6975,283,2452
best,small,binary-trees,resid,ok,0,5,5,4,0.013335,0.012114,0.013581,0.013150,0.000607,0.046163,0.012114,0.013581,0.060072,0.006280,0.065913,4.942857,23808,25988,0.174867,0.172469,1.519918,2.323300,61387,33495,2173,58,945
best,small,binary-trees,c,ok,0,5,5,7,0.076258,0.075845,0.077236,0.076404,0.000543,0.007112,0.075845,0.077236,0.377515,0.004017,0.382172,5.011566,15664,15664,1.000000,1.000000,1.000000,0.110800,24736,24736,2926,147,1055
best,small,binary-trees,cpp,ok,0,5,5,2,0.009780,0.009533,0.010276,0.009806,0.000294,0.030002,0.009533,0.010276,0.073186,0.019035,0.090975,9.302147,37164,38752,0.128249,0.238047,2.372574,0.323700,27912,27912,2846,114,1115
best,small,binary-trees,rust,ok,0,5,5,1,0.007862,0.007606,0.056827,0.017630,0.021912,1.242917,0.007606,0.056827,0.059150,0.011999,0.068565,8.721063,27992,35760,0.103097,0.179409,1.787028,1.954500,20145294,622696,2444,93,958
best,small,binary-trees,go,ok,0,5,5,6,0.060594,0.059224,0.062339,0.060674,0.001242,0.020467,0.059224,0.062339,0.460680,0.026875,0.486396,8.027131,29532,33792,0.794592,1.272715,1.885342,0.090600,2541483,2541483,4488,157,1885
best,small,binary-trees,java,ok,0,5,5,5,0.052792,0.050998,0.057433,0.053645,0.002781,0.051838,0.050998,0.057433,0.162185,0.102170,0.272104,5.154266,285804,292812,0.692281,0.711994,18.245914,0.246300,3645,,2827,95,1007
best,small,binary-trees,csharp,ok,0,5,5,10,0.118462,0.111102,0.123595,0.116722,0.005213,0.044663,0.111102,0.123595,0.302151,0.053056,0.355207,2.998489,95428,104720,1.553437,0.929443,6.092186,0.883100,255120,78256,2444,83,869
best,small,binary-trees,javascript,ok,0,5,5,8,0.104152,0.100245,0.106998,0.104200,0.002573,0.024693,0.100245,0.106998,0.380390,0.053181,0.429771,4.126383,202388,214012,1.365785,1.124549,12.920582,0.002300,0,,2284,88,868
best,small,binary-trees,python,ok,0,5,5,11,0.212094,0.208802,0.214400,0.211688,0.002124,0.010035,0.208802,0.214400,1.849882,0.153059,1.994736,9.404962,26428,26732,2.781269,5.219472,1.687181,0.001900,0,,1531,60,699
best,small,binary-trees,fortran,ok,0,5,5,3,0.009818,0.009237,0.012943,0.010293,0.001501,0.145849,0.009237,0.012943,0.103018,0.002133,0.104799,10.674170,8308,8356,0.128747,0.274219,0.530388,0.240200,44386,34944,5907,265,2023
best,small,binary-trees,pascal,ok,0,5,5,9,0.109368,0.107989,0.110847,0.109525,0.001080,0.009857,0.107989,0.110847,0.037883,0.003899,0.041004,0.374918,7428,7460,1.434184,0.107292,0.474208,0.067800,323974,265264,8573,320,2910
best,small,fasta,resid,ok,0,5,5,1,0.014928,0.014791,0.016353,0.015439,0.000812,0.052609,0.014791,0.016353,0.080208,0.017807,0.099563,6.669547,27008,29192,0.277653,1.856583,13.779592,2.405200,89144,44181,7050,175,2410
best,small,fasta,c,ok,0,5,5,2,0.053765,0.053288,0.057204,0.054750,0.001803,0.032937,0.053288,0.057204,0.049987,0.006946,0.053627,0.997433,1960,1960,1.000000,1.000000,1.000000,0.060600,16456,16456,6628,225,2717
best,small,fasta,cpp,ok,0,5,5,4,0.061469,0.058947,0.063370,0.060898,0.001850,0.030379,0.058947,0.063370,0.238398,0.007250,0.246348,4.007679,5564,5564,1.143290,4.593731,2.838776,0.436800,42072,42072,10769,292,3016
best,small,fasta,rust,ok,0,5,5,3,0.055324,0.051204,0.066567,0.056423,0.005950,0.105449,0.051204,0.066567,0.101363,0.005985,0.107832,1.949100,3076,3164,1.028997,2.010778,1.569388,1.028500,12905820,525768,8765,319,2741
best,small,fasta,go,ok,0,5,5,5,0.067040,0.060142,0.073465,0.067139,0.005958,0.088744,0.060142,0.073465,0.214189,0.010129,0.223954,3.340603,14380,16512,1.246908,4.176143,7.336735,0.092500,2544035,2544035,5131,214,2038
best,small,fasta,java,ok,0,5,5,8,0.115802,0.111332,0.119024,0.115817,0.002924,0.025246,0.111332,0.119024,0.479399,0.018940,0.503268,4.345935,55588,56180,2.153855,9.384601,28.361224,0.279600,11086,,13654,394,3125
best,small,fasta,csharp,ok,0,5,5,7,0.074492,0.073056,0.085180,0.076372,0.004967,0.065034,0.073056,0.085180,0.064579,0.011247,0.075546,1.014149,27600,27692,1.385511,1.408731,14.081633,0.867500,261071,78256,5322,177,1633
best,small,fasta,javascript,ok,0,5,5,9,0.169329,0.159542,0.173157,0.167421,0.005540,0.033092,0.159542,0.173157,0.542325,0.048940,0.595988,3.519704,150568,151208,3.149428,11.113581,76.820408,0.002300,0,,7025,248,2254
best,small,fasta,python,ok,0,5,5,11,1.229577,1.204557,1.233049,1.224808,0.011554,0.009433,1.204557,1.233049,1.927527,0.597618,2.524724,2.053327,35584,35852,22.869469,47.079344,18.155102,0.001700,0,,6469,213,2122
best,small,fasta,fortran,ok,0,5,5,6,0.069440,0.066709,0.073390,0.069829,0.002771,0.039682,0.066709,0.073390,0.066203,0.003010,0.069213,0.996731,3092,3128,1.291547,1.290637,1.577551,0.073800,17653,17280,4531,176,1672
best,small,fasta,pascal,ok,0,5,5,10,0.240486,0.238659,0.241622,0.240392,0.001170,0.004867,0.238659,0.241622,0.234806,0.005983,0.239858,0.997389,692,700,4.472910,4.472710,0.353061,0.025600,48280,36368,3352,136,1303
best,small,k-nucleotide,resid,ok,0,5,5,4,0.142202,0.142056,0.150588,0.143863,0.003761,0.026143,0.142056,0.150588,0.641263,0.008021,0.649290,4.565970,50040,50088,1.237939,1.456114,2.403920,2.696400,145380,92741,6085,147,2065
best,small,k-nucleotide,c,ok,0,5,5,2,0.114870,0.110182,0.116396,0.114239,0.002507,0.021948,0.110182,0.116396,0.438818,0.007088,0.445906,3.881832,20816,20860,1.000000,1.000000,1.000000,0.207300,25096,25096,8910,248,2619
best,small,k-nucleotide,cpp,ok,0,5,5,3,0.119785,0.117752,0.122497,0.120163,0.002229,0.018554,0.117752,0.122497,0.240418,0.018040,0.256301,2.139675,47804,48120,1.042787,0.574787,2.296503,1.921500,192672,192672,7037,221,2564
best,small,k-nucleotide,rust,ok,0,5,5,1,0.061034,0.055305,0.071626,0.061824,0.005984,0.096798,0.055305,0.071626,0.216904,0.008950,0.225861,3.700577,25896,26560,0.531331,0.506522,1.244043,3.231400,54751245,757464,4993,190,1660
best,small,k-nucleotide,go,ok,0,5,5,5,0.144379,0.136619,0.149132,0.143978,0.005017,0.034847,0.136619,0.149132,1.412016,0.052135,1.462336,10.128454,47180,49184,1.256890,3.279471,2.266526,0.092800,2519258,2519258,8437,335,2290
best,small,k-nucleotide,java,ok,0,5,5,6,0.225877,0.222452,0.236137,0.227698,0.005715,0.025100,0.222452,0.236137,1.905157,0.061876,1.967033,8.708425,134048,136356,1.966371,4.411318,6.439662,2.975700,19019669,,6405,183,2034
best,small,k-nucleotide,csharp,ok,0,5,5,7,0.257709,0.248919,0.262214,0.256073,0.005275,0.020600,0.248919,0.262214,0.932001,0.015023,0.950944,3.689991,80056,80168,2.243484,2.132611,3.845888,0.943200,321908,78256,7596,214,2199
best,small,k-nucleotide,javascript,ok,0,5,5,9,0.731680,0.729654,0.758285,0.737612,0.012029,0.016307,0.729654,0.758285,2.219920,0.056030,2.271019,3.103842,210868,211536,6.369635,5.093044,10.130092,0.002700,0,,5650,233,1900
best,small,k-nucleotide,python,ok,0,5,5,11,1.104834,1.086118,1.116928,1.101853,0.011506,0.010442,1.086118,1.116928,14.948761,0.218162,15.166923,13.727784,54944,55112,9.618125,34.013723,2.639508,0.002000,0,,6724,189,2088
best,small,k-nucleotide,fortran,ok,0,5,5,8,0.258899,0.254992,0.277973,0.263410,0.009769,0.037086,0.254992,0.277973,0.442283,0.074145,0.515751,1.992093,1064508,1064616,2.253843,1.156636,51.138932,0.228700,28236,26520,7453,268,2391
best,small,k-nucleotide,pascal,ok,0,5,5,10,0.772161,0.762564,0.872814,0.791381,0.045912,0.058015,0.762564,0.872814,1.467857,0.188386,1.653486,2.141375,2476956,2477204,6.722042,3.708149,118.992890,0.448800,939384,456384,5558,236,2130
best,small,reverse-complement,resid,ok,0,5,5,5,0.020881,0.019600,0.021646,0.020726,0.000742,0.035821,0.019600,0.021646,0.072982,0.049572,0.125396,6.005268,101356,103192,2.018073,6.837296,4.500710,2.461400,96890,52329,5129,135,1888
best,small,reverse-complement,c,ok,0,5,5,2,0.010347,0.009977,0.010713,0.010405,0.000304,0.029217,0.009977,0.010713,0.002355,0.015585,0.018340,1.772494,22520,23444,1.000000,1.000000,1.000000,0.195500,17368,17368,23725,520,7321
best,small,reverse-complement,cpp,ok,0,5,5,3,0.010882,0.010205,0.013527,0.011448,0.001441,0.125857,0.010205,0.013527,0.003033,0.007848,0.010792,0.991729,17472,18416,1.051706,0.588441,0.775844,0.361800,22752,22752,15116,404,4777
best,small,reverse-complement,rust,ok,0,5,5,1,0.009809,0.008948,0.021546,0.012006,0.005348,0.445446,0.008948,0.021546,0.009083,0.007259,0.016322,1.663982,16844,17012,0.948004,0.889967,0.747957,1.797200,22163310,583336,9952,331,3250
best,small,reverse-complement,go,ok,0,5,5,4,0.014058,0.013411,0.014607,0.014028,0.000444,0.031632,0.013411,0.014607,0.020026,0.022059,0.042364,3.013515,46908,51204,1.358655,2.309924,2.082948,0.080700,2131267,2131267,4493,173,1397
best,small,reverse-complement,java,ok,0,5,5,9,0.051075,0.049703,0.051378,0.050659,0.000807,0.015936,0.049703,0.051378,0.062132,0.020652,0.082772,1.620597,99260,99304,4.936213,4.513195,4.407638,0.242100,2385,,2348,85,924
best,small,reverse-complement,csharp,ok,0,5,5,8,0.032414,0.030648,0.043752,0.034686,0.005242,0.151115,0.030648,0.043752,0.029357,0.022843,0.053393,1.647220,61252,61344,3.132695,2.911287,2.719893,0.894900,264498,78256,13320,351,3565
best,small,reverse-complement,javascript,ok,0,5,5,11,0.221771,0.218380,0.226731,0.221942,0.003307,0.014901,0.218380,0.226731,0.219007,0.026329,0.245336,1.106258,97376,98008,21.433362,13.377099,4.323979,0.002300,0,,5616,223,1578
best,small,reverse-complement,python,ok,0,5,5,10,0.073110,0.070128,0.077777,0.073815,0.003231,0.043778,0.070128,0.077777,0.060606,0.031550,0.092156,1.260512,50524,51316,7.065816,5.024864,2.243517,0.001300,0,,14797,301,4705
best,small,reverse-complement,fortran,ok,0,5,5,6,0.027791,0.025718,0.028223,0.027131,0.001148,0.042328,0.025718,0.028223,0.016871,0.008958,0.027668,0.995574,29400,29452,2.685899,1.508615,1.305506,0.076900,17552,17552,3842,129,1351
best,small,reverse-complement,pascal,ok,0,5,5,7,0.032161,0.031808,0.037207,0.033516,0.002288,0.068273,0.031808,0.037207,0.026001,0.005994,0.031995,0.994838,18268,18936,3.108244,1.744547,0.811190,0.025100,42464,35536,2279,116,917
best,small,pidigits,resid,ok,0,5,5,7,0.021325,0.020426,0.022019,0.021213,0.000681,0.032093,0.020426,0.022019,0.020130,0.000968,0.021183,0.993341,680,696,1.594989,1.599924,0.259939,2.585600,100725,65204,0,0,0
best,small,pidigits,c,ok,0,5,5,1,0.013370,0.013268,0.015052,0.013753,0.000750,0.054513,0.013268,0.015052,0.013240,0.000000,0.013240,0.990277,2616,2680,1.000000,1.000000,1.000000,0.038000,16632,16632,1634,73,675
best,small,pidigits,cpp,ok,0,5,5,5,0.015761,0.015072,0.021773,0.017167,0.002764,0.160979,0.015072,0.021773,0.014942,0.000983,0.015657,0.993401,4956,5036,1.178833,1.182553,1.894495,0.259100,157800,157800,1511,69,671
best,small,pidigits,rust,ok,0,5,5,2,0.014466,0.014147,0.026093,0.016775,0.005214,0.310832,0.014147,0.026093,0.013669,0.001015,0.014356,0.992396,2888,2948,1.081975,1.084290,1.103976,1.760200,41565984,463920,2657,122,1032
best,small,pidigits,go,ok,0,5,5,6,0.020020,0.018853,0.021488,0.019942,0.001080,0.054174,0.018853,0.021488,0.018393,0.001133,0.020292,1.013586,8420,8552,1.497382,1.532628,3.218654,0.370600,2485392,2485392,2063,110,898
best,small,pidigits,java,ok,0,5,5,8,0.030027,0.028756,0.030592,0.029854,0.000789,0.026416,0.028756,0.030592,0.032016,0.008657,0.041895,1.395244,43840,44184,2.245849,3.164275,16.758410,0.255300,18603,,6963,164,2257
best,small,pidigits,csharp,ok,0,5,5,9,0.031081,0.030113,0.033742,0.031483,0.001378,0.043770,0.030113,0.033742,0.027884,0.004276,0.032160,1.034716,27996,28052,2.324682,2.429003,10.701835,0.857400,252943,78256,6468,178,1997
best,small,pidigits,javascript,ok,0,5,5,11,0.145547,0.144028,0.151322,0.146478,0.003012,0.020560,0.144028,0.151322,0.138659,0.012194,0.150631,1.034930,68816,69040,10.886088,11.376964,26.305810,0.002300,0,,1108,66,550
best,small,pidigits,python,ok,0,5,5,10,0.065987,0.064564,0.067159,0.065933,0.001100,0.016686,0.064564,0.067159,0.059280,0.006939,0.065775,0.996787,15788,16016,4.935453,4.967900,6.035168,0.001700,0,,2548,94,1012
best,small,pidigits,fortran,ok,0,5,5,4,0.015378,0.014849,0.018131,0.015762,0.001351,0.085722,0.014849,0.018131,0.014867,0.000000,0.015311,0.995643,3820,3960,1.150187,1.156420,1.460245,0.047700,21311,17896,4962,169,1263
best,small,pidigits,pascal,ok,0,5,5,3,0.014821,0.014400,0.015360,0.014848,0.000343,0.023108,0.014400,0.015360,0.013773,0.000951,0.014740,0.994535,2436,2500,1.108527,1.113293,0.931193,0.049100,115688,104712,1467,75,705
best,small,regex-redux,resid,ok,0,5,5,9,0.137381,0.134963,0.152193,0.140244,0.006855,0.048878,0.134963,0.152193,0.278282,0.010967,0.288960,2.103348,40772,44532,3.083403,0.822131,2.003341,3.694800,630221,256048,2358,41,835
best,small,regex-redux,c,ok,0,5,5,3,0.044555,0.043717,0.054877,0.047481,0.004965,0.104565,0.043717,0.054877,0.330763,0.018166,0.351477,7.888610,20352,20376,1.000000,1.000000,1.000000,0.058600,17824,17824,8322,219,2488
best,small,regex-redux,cpp,ok,0,5,5,1,0.043620,0.043112,0.051000,0.045003,0.003362,0.074703,0.043112,0.051000,0.195814,0.006925,0.202324,4.638331,34704,35304,0.979015,0.575639,1.705189,0.740600,91936,91936,14861,417,4240
best,small,regex-redux,rust,ok,0,5,5,2,0.044347,0.041109,0.056663,0.047705,0.006495,0.136147,0.041109,0.056663,0.195949,0.003970,0.196941,4.440909,18184,20320,0.995332,0.560324,0.893475,2.344400,49768766,671232,10522,358,2887
best,small,regex-redux,go,ok,0,5,5,6,0.096423,0.092780,0.098046,0.095377,0.002307,0.024189,0.092780,0.098046,0.251457,0.006012,0.258382,2.679672,42772,45072,2.164134,0.735132,2.101612,0.253800,2437048,2437048,2467,104,1056
best,small,regex-redux,java,ok,0,5,5,8,0.129141,0.129069,0.137547,0.132398,0.004513,0.034085,0.129069,0.137547,0.436925,0.041797,0.477191,3.695116,105228,105776,2.898463,1.357673,5.170401,0.335800,17030,,13611,306,3236
best,small,regex-redux,csharp,ok,0,5,5,5,0.082767,0.081540,0.089892,0.083818,0.003465,0.041336,0.081540,0.089892,0.237162,0.018196,0.255818,3.090821,81992,82480,1.857637,0.727837,4.028695,0.902800,268088,78256,6572,169,1994
best,small,regex-redux,javascript,ok,0,5,5,10,0.166181,0.164187,0.169393,0.166724,0.002298,0.013784,0.164187,0.169393,0.167226,0.039115,0.204742,1.232042,200288,200700,3.729795,0.582519,9.841195,0.001900,0,,2029,72,892
best,small,regex-redux,python,ok,0,5,5,7,0.096541,0.089810,0.098661,0.095541,0.003674,0.038458,0.089810,0.098661,0.236930,0.038214,0.277641,2.875887,33956,34036,2.166783,0.789927,1.668436,0.001500,0,,10516,272,3595
best,small,regex-redux,fortran,ok,0,5,5,4,0.048474,0.044045,0.053136,0.047797,0.003790,0.079286,0.044045,0.053136,0.350865,0.007268,0.362674,7.481825,24904,25844,1.087959,1.031857,1.223664,0.152500,36256,31872,14615,373,3228
best,small,regex-redux,pascal,ok,0,5,5,11,0.237706,0.235933,0.240884,0.238077,0.002246,0.009434,0.235933,0.240884,0.229484,0.007954,0.237153,0.997674,12888,13020,5.335114,0.674733,0.633255,0.043900,118992,104824,5018,213,1659
